Place,The type of place,Year,Month,Cause of death (Russian),Cause of death (English),Flu related?,male deaths,female deaths,total deaths,newcomers,prisoners in transit,babies up to 6 months,babies from 6 months to 1 year,babies from 1 year to 5 years,from 5 to 10,from 10 to 15,from 15 to 20,from 20 to 30,from 30 to 40,from 40 to 50,from 50 to 60,from 60 to 70,from 70 to 80,over 80,age is unknown,,
Moscow,provincial city,1891,January,тиф сыпной,spotted fever,,19,9,28,0,2,0,0,0,0,0,3,8,8,4,2,3,0,0,0,,
Moscow,provincial city,1891,January,тиф брюшной,enteric fever,,25,11,36,1,0,0,0,0,1,0,8,16,7,2,2,0,0,0,0,,
Moscow,provincial city,1891,January,возвратная горячка,fever,,1,0,1,0,0,0,0,0,0,0,0,1,0,0,0,0,0,0,0,,
Moscow,provincial city,1891,January,тиф без означения формы,typhus,,3,4,7,0,0,0,0,2,0,0,1,2,1,0,0,0,1,0,0,,
Moscow,provincial city,1891,January,послеродовая горячка,puerperal fever,,0,11,11,1,0,0,0,0,0,0,0,9,1,0,0,0,0,0,1,,
Moscow,provincial city,1891,January,перемежающаяся лихорадка,remittent fever,,0,0,0,0,0,0,0,0,0,0,0,0,0,0,0,0,0,0,0,,
Moscow,provincial city,1891,January,оспа,smallpox,,1,2,3,0,0,1,0,2,0,0,0,0,0,0,0,0,0,0,0,,
Moscow,provincial city,1891,January,скарлатина,scarlet fever,,11,11,22,0,0,0,1,13,6,1,0,1,0,0,0,0,0,0,0,,
Moscow,provincial city,1891,January,корь,measles,,2,1,3,0,0,1,0,2,0,0,0,0,0,0,0,0,0,0,0,,
Moscow,provincial city,1891,January,кровавый понос,bloody diarrhoea,,4,3,7,0,1,0,0,0,0,0,2,1,0,1,0,2,1,0,0,,
Moscow,provincial city,1891,January,дифтерит,pseudomembranous inflammation,,39,42,81,3,0,34,1,27,14,1,3,1,0,0,0,0,0,0,0,,
Moscow,provincial city,1891,January,круп,croup,yes,2,3,5,0,0,0,1,3,1,0,0,0,0,0,0,0,0,0,0,,
Moscow,provincial city,1891,January,крупозная пневмония,pulmonic fever,yes,57,31,88,3,1,0,2,5,0,0,8,7,15,17,13,18,3,0,0,,
Moscow,provincial city,1891,January,холера,cholera,,0,0,0,0,0,0,0,0,0,0,0,0,0,0,0,0,0,0,0,,
Moscow,provincial city,1891,January,цереброспин. Менингит,spotted fever,,0,0,0,0,0,0,0,0,0,0,0,0,0,0,0,0,0,0,0,,
Moscow,provincial city,1891,January,коклюш,whooping-cough,yes,5,2,7,0,0,0,4,3,0,0,0,0,0,0,0,0,0,0,0,,
Moscow,provincial city,1891,January,сифилис,syphilis,,0,3,3,1,0,2,0,0,0,0,0,1,0,0,0,0,0,0,0,,
Moscow,provincial city,1891,January,водобоязнь,rabies,,0,0,0,0,0,0,0,0,0,0,0,0,0,0,0,0,0,0,0,,
Moscow,provincial city,1891,January,сибирская язва,Siberian plague / anthrax,,0,0,0,0,0,0,0,0,0,0,0,0,0,0,0,0,0,0,0,,
Moscow,provincial city,1891,January,сап,glanders,,0,0,0,0,0,0,0,0,0,0,0,0,0,0,0,0,0,0,0,,
Moscow,provincial city,1891,January,рожа,wildfire,,4,9,13,0,0,7,0,0,0,0,0,2,1,1,2,0,0,0,0,,
Moscow,provincial city,1891,January,пиэмия,pyemia,,3,6,9,0,0,0,0,0,0,1,0,2,4,0,0,1,1,0,0,,
Moscow,provincial city,1891,January,септицемия,septicaemia,,32,16,48,0,0,43,0,0,0,0,0,0,0,2,3,0,0,0,0,,
Moscow,provincial city,1891,January,молокровие и хлороз,anemia,,2,5,7,0,0,1,0,0,0,1,0,1,1,1,1,1,0,0,0,,
Moscow,provincial city,1891,January,белокровие,leukemia,,1,0,1,0,0,0,0,0,0,0,0,0,0,0,1,0,0,0,0,,
Moscow,provincial city,1891,January,золотуха,scrofula,,2,2,4,0,0,2,1,1,0,0,0,0,0,0,0,0,0,0,0,,
Moscow,provincial city,1891,January,английская болезнь,english disease,,9,5,14,1,0,0,4,10,0,0,0,0,0,0,0,0,0,0,0,,
Moscow,provincial city,1891,January,острый туберкулез,tuberculosis,,0,1,1,0,0,0,0,0,0,0,0,0,1,0,0,0,0,0,0,,
Moscow,provincial city,1891,January,сахарное мочеизнурение,diabetes,,0,0,0,0,0,0,0,0,0,0,0,0,0,0,0,0,0,0,0,,
Moscow,provincial city,1891,January,подагра,gout,,0,0,0,0,0,0,0,0,0,0,0,0,0,0,0,0,0,0,0,,
Moscow,provincial city,1891,January,ревматизм,rheumatism,,1,0,1,0,1,0,0,1,0,0,0,0,0,0,0,0,0,0,0,,
Moscow,provincial city,1891,January,скорбут,scurvy,,1,0,1,0,0,0,0,0,0,0,0,0,0,1,0,0,0,0,0,,
Moscow,provincial city,1891,January,верлгофова болезнь,disease vergola,,0,1,1,0,0,0,0,1,0,0,0,0,0,0,0,0,0,0,0,,
Moscow,provincial city,1891,January,гемофилия,hemophilia,,0,0,0,0,0,0,0,0,0,0,0,0,0,0,0,0,0,0,0,,
Moscow,provincial city,1891,January,алкоголизм,alcoholism,,12,2,14,2,0,0,0,0,0,0,1,2,4,5,2,0,0,0,0,,
Moscow,provincial city,1891,January,рак,cancer,,16,37,53,5,0,0,0,0,0,0,0,1,4,13,20,11,3,1,0,,
Moscow,provincial city,1891,January,прочие злокачеств. опухоли,other malignant tumor,,2,4,6,1,0,0,0,0,1,1,0,2,1,0,1,0,0,0,0,,
Moscow,provincial city,1891,January,болезни нервной системы,diseases of the nervous system,,97,60,157,6,2,19,7,19,7,3,5,11,6,11,28,21,15,3,2,,
Moscow,provincial city,1891,January,болезни кровеносной системы,blood disease,,55,70,125,8,0,7,0,1,3,5,0,6,12,29,27,22,11,2,0,,
Moscow,provincial city,1891,January,болезни дыхат. Органов,respiratory disease,yes,195,168,363,8,3,167,53,72,5,1,1,6,9,8,16,17,8,0,0,,
Moscow,provincial city,1891,January,чахотка легких,pulmonary tuberculosis,yes,227,132,359,19,8,0,0,6,1,3,17,76,91,78,52,26,7,1,1,,
Moscow,provincial city,1891,January,болезни пищеварит. Органов,diseases of the digestive organs,,40,50,90,7,1,32,0,3,0,1,3,17,6,14,7,6,1,0,0,,
Moscow,provincial city,1891,January,желудочно-кишечный катар,gastro-intestinal infection,yes,138,103,241,4,0,187,17,28,0,0,0,1,1,1,3,3,0,0,0,,
Moscow,provincial city,1891,January,болезни мочевых органов,urinary tract diseases,,23,20,43,7,0,0,0,2,2,0,2,6,5,11,7,6,1,1,0,,
Moscow,provincial city,1891,January,болезни половых орагнов,diseases of the genitals,,3,4,7,4,0,0,0,0,0,0,0,1,1,4,0,1,0,0,0,,
Moscow,provincial city,1891,January,"болезни костей, суставов и мышц ",bone disease,,5,3,8,1,0,0,0,0,0,0,1,2,1,1,1,2,0,0,0,,
Moscow,provincial city,1891,January,болезни кожи и подкожной клечатки,skin disease,,5,2,7,0,0,3,0,0,0,0,0,1,0,1,0,1,1,0,0,,
Moscow,provincial city,1891,January,болезни лимфатических сосудов и желез,diseases of the lymphatic vessels,,0,0,0,0,0,0,0,0,0,0,0,0,0,0,0,0,0,0,0,,
Moscow,provincial city,1891,January,врожденная слабость,inherent weakness,,94,60,154,1,0,152,1,1,0,0,0,0,0,0,0,0,0,0,0,,
Moscow,provincial city,1891,January,старческая дряхлость,senile senility,,59,123,182,0,0,0,0,0,0,0,0,0,0,2,4,59,82,35,0,,
Moscow,provincial city,1892,January,врожденные пороки развития,congenital malformation,,10,5,15,0,0,15,0,0,0,0,0,0,0,0,0,0,0,0,0,,
Moscow,provincial city,1891,January,причина неизвестна,unknown reason,,64,55,119,3,0,44,0,0,0,3,1,6,13,16,14,20,2,0,0,,
Moscow,provincial city,1891,January,причина неточно определена,undefinied reason,,10,12,22,0,0,2,1,2,1,0,0,1,0,2,3,6,4,0,0,,
Moscow,provincial city,1891,January,несчастные случаи,casualties,,10,3,13,0,0,0,0,0,0,0,0,8,5,0,0,0,0,0,0,,
Moscow,provincial city,1891,January,самоубийства,suicides,,3,1,4,0,0,0,0,0,0,0,0,2,1,1,0,0,0,0,0,,
Moscow,provincial city,1891,January,убийства,murders,,4,1,5,0,0,3,1,0,0,1,0,0,0,0,0,0,0,0,0,,
Moscow,provincial city,1891,January,прочие болезни,other disease,,0,1,1,0,0,0,0,0,0,0,0,1,0,0,0,0,0,0,0,,
Moscow,provincial city,1891,January,"смерть насильственная, но род не определен",violent death,,5,6,11,3,0,0,0,0,1,0,0,6,2,0,1,1,0,0,0,,
Moscow,provincial city,1891,February,тиф сыпной,spotted fever,,27,11,38,1,3,0,0,0,0,0,1,18,9,3,2,5,0,0,0,,
Moscow,provincial city,1891,February,тиф брюшной,enteric fever,,12,5,17,2,0,1,0,1,1,0,2,8,3,0,0,0,1,0,0,,
Moscow,provincial city,1891,February,возвратная горячка,fever,,0,0,0,0,0,0,0,0,0,0,0,0,0,0,0,0,0,0,0,,
Moscow,provincial city,1891,February,тиф без означения формы,typhus,,5,0,5,1,1,0,0,0,0,0,2,1,0,1,0,0,0,1,0,,
Moscow,provincial city,1891,February,послеродовая горячка,puerperal fever,,0,14,14,1,0,0,0,0,0,0,0,8,4,2,0,0,0,0,0,,
Moscow,provincial city,1891,February,перемежающаяся лихорадка,remittent fever,,0,0,0,0,0,0,0,0,0,0,0,0,0,0,0,0,0,0,0,,
Moscow,provincial city,1891,February,оспа,smallpox,,3,2,5,1,0,1,1,2,0,0,0,0,1,0,0,0,0,0,0,,
Moscow,provincial city,1891,February,скарлатина,scarlet fever,,19,17,36,3,0,0,2,18,16,0,0,0,0,0,0,0,0,0,0,,
Moscow,provincial city,1891,February,корь,measles,,2,7,9,0,0,0,4,4,1,0,0,0,0,0,0,0,0,0,0,,
Moscow,provincial city,1891,February,кровавый понос,bloody diarrhoea,,2,3,5,0,0,0,0,1,0,0,0,0,0,2,1,1,0,0,0,,
Moscow,provincial city,1891,February,дифтерит,pseudomembranous inflammation,,31,25,56,0,1,24,0,18,6,4,1,1,1,0,1,0,0,0,0,,
Moscow,provincial city,1891,February,круп,croup,yes,2,1,3,0,0,0,1,2,0,0,0,0,0,0,0,0,0,0,0,,
Moscow,provincial city,1891,February,крупозная пневмония,pulmonic fever,yes,50,38,88,4,3,1,2,2,1,0,2,11,15,16,16,16,6,0,0,,
Moscow,provincial city,1891,February,холера,cholera,,0,0,0,0,0,0,0,0,0,0,0,0,0,0,0,0,0,0,0,,
Moscow,provincial city,1891,February,цереброспин. Менингит,spotted fever,,1,0,1,1,0,0,0,0,0,0,0,1,0,0,0,0,0,0,0,,
Moscow,provincial city,1891,February,коклюш,whooping-cough,yes,4,4,8,0,0,4,3,1,0,0,0,0,0,0,0,0,0,0,0,,
Moscow,provincial city,1891,February,сифилис,syphilis,,2,5,7,0,0,6,0,0,0,0,0,0,0,0,0,1,0,0,0,,
Moscow,provincial city,1891,February,водобоязнь,rabies,,0,0,0,0,0,0,0,0,0,0,0,0,0,0,0,0,0,0,0,,
Moscow,provincial city,1891,February,сибирская язва,Siberian plague / anthrax,,2,1,3,0,0,0,0,0,0,0,1,0,2,0,0,0,0,0,0,,
Moscow,provincial city,1891,February,сап,glanders,,0,0,0,0,0,0,0,0,0,0,0,0,0,0,0,0,0,0,0,,
Moscow,provincial city,1891,February,рожа,wildfire,,12,7,19,0,0,8,0,0,0,0,2,1,2,1,2,2,1,0,0,,
Moscow,provincial city,1891,February,пиэмия,pyemia,,6,3,9,1,1,0,0,0,0,0,1,2,2,2,2,0,0,0,0,,
Moscow,provincial city,1891,February,септицемия,septicaemia,,20,15,35,1,0,31,0,0,1,0,0,1,0,0,1,0,0,1,0,,
Moscow,provincial city,1891,February,малокровие и хлороз,anemia,,1,7,8,0,0,2,0,0,0,0,0,2,2,1,0,1,0,0,0,,
Moscow,provincial city,1891,February,белокровие,leukemia,,0,0,0,0,0,0,0,0,0,0,0,0,0,0,0,0,0,0,0,,
Moscow,provincial city,1891,February,золотуха,scrofula,,4,0,4,0,0,1,1,2,0,0,0,0,0,0,0,0,0,0,0,,
Moscow,provincial city,1891,February,английская болезнь,english disease,,8,6,14,0,0,2,3,7,2,0,0,0,0,0,0,0,0,0,0,,
Moscow,provincial city,1891,February,острый туберкулез,tuberculosis,,4,1,5,0,0,3,0,0,0,0,0,1,0,1,0,0,0,0,0,,
Moscow,provincial city,1891,February,сахарное мочеизнурение,diabetes,,0,0,0,0,0,0,0,0,0,0,0,0,0,0,0,0,0,0,0,,
Moscow,provincial city,1891,February,подагра,gout,,0,0,0,0,0,0,0,0,0,0,0,0,0,0,0,0,0,0,0,,
Moscow,provincial city,1891,February,ревматизм,rheumatism,,0,1,1,0,0,1,0,0,0,0,0,0,0,0,0,0,0,0,0,,
Moscow,provincial city,1891,February,скорбут,scurvy,,1,0,1,0,1,0,0,0,0,0,0,0,0,1,0,0,0,0,0,,
Moscow,provincial city,1891,February,верлгофова болезнь,disease vergola,,0,1,1,0,0,0,0,1,0,0,0,0,0,0,0,0,0,0,0,,
Moscow,provincial city,1891,February,гемофилия,hemophilia,,0,0,0,0,0,0,0,0,0,0,0,0,0,0,0,0,0,0,0,,
Moscow,provincial city,1891,February,алкоголизм,alcoholism,,12,0,12,5,0,0,0,0,0,0,0,3,1,4,2,1,0,0,1,,
Moscow,provincial city,1891,February,рак,cancer,,20,27,47,5,0,0,0,0,0,0,0,0,9,6,15,12,4,1,0,,
Moscow,provincial city,1891,February,прочие злокачеств. опухоли,other malignant tumor,,4,1,5,0,0,0,0,0,0,0,0,0,0,2,3,0,0,0,0,,
Moscow,provincial city,1891,February,болезни нервной системы,diseases of the nervous system,,78,47,125,5,0,13,10,19,5,3,4,6,11,14,14,19,3,2,2,,
Moscow,provincial city,1891,February,болезни кровеносной системы,blood disease,,46,28,74,3,0,0,0,0,2,1,0,7,9,14,18,18,4,1,0,,
Moscow,provincial city,1891,February,болезни дыхат. Органов,respiratory disease,yes,149,130,279,3,0,125,45,56,6,2,1,3,3,6,10,16,6,0,0,,
Moscow,provincial city,1891,February,чахотка легких,pulmonary tuberculosis,yes,210,106,316,17,5,0,0,6,0,3,20,82,79,60,37,21,8,0,0,,
Moscow,provincial city,1891,February,болезни пищеварит. Органов,diseases of the digestive organs,,34,26,60,3,0,21,1,3,1,1,1,5,5,13,1,5,3,0,0,,
Moscow,provincial city,1891,February,желудочно-кишечный катар,gastro-intestinal infection,yes,72,71,143,1,0,99,21,16,0,0,0,1,0,2,2,1,1,0,0,,
Moscow,provincial city,1891,February,болезни мочевых органов,urinary tract diseases,,20,17,37,2,0,0,0,3,4,0,2,2,8,4,6,4,2,1,1,,
Moscow,provincial city,1891,February,болезни половых орагнов,diseases of the genitals,,0,1,1,0,0,0,0,0,0,0,0,0,1,0,0,0,0,0,0,,
Moscow,provincial city,1891,February,"болезни костей, суставов и мышц ",bone disease,,4,4,8,3,0,0,0,0,0,0,0,2,1,2,1,1,1,0,0,,
Moscow,provincial city,1891,February,болезни кожи и подкожной клечатки,skin disease,,4,2,6,0,0,0,0,0,0,0,0,2,1,0,1,2,0,0,0,,
Moscow,provincial city,1891,February,болезни лимфатических сосудов и желез,diseases of the lymphatic vessels,,0,0,0,0,0,0,0,0,0,0,0,0,0,0,0,0,0,0,0,,
Moscow,provincial city,1891,February,врожденная слабость,inherent weakness,,90,68,158,1,0,154,3,1,0,0,0,0,0,0,0,0,0,0,0,,
Moscow,provincial city,1891,February,старческая дряхлость,senile senility,,49,106,155,0,1,0,0,0,0,0,0,0,0,0,8,48,67,31,1,,
Moscow,provincial city,1891,February,врожденные пороки развития,congenital malformation,,3,6,9,0,0,9,0,0,0,0,0,0,0,0,0,0,0,0,0,,
Moscow,provincial city,1891,February,причина неизвестна,unknown reason,,54,37,91,3,0,48,0,0,0,0,0,3,10,7,13,5,5,0,0,,
Moscow,provincial city,1891,February,причина неточно определена,wrong reason,,12,7,19,0,0,1,0,1,1,0,1,0,1,2,3,6,2,1,0,,
Moscow,provincial city,1891,February,несчастные случаи,acciden,,10,5,15,1,0,0,0,0,6,3,1,2,2,1,0,0,0,0,0,,
Moscow,provincial city,1891,February,самоубийства,suicides,,5,0,5,0,0,0,0,0,0,0,1,3,1,0,0,0,0,0,0,,
Moscow,provincial city,1891,February,убийства,murders,,0,1,1,0,0,0,0,0,0,0,0,0,0,0,0,1,0,0,0,,
Moscow,provincial city,1891,February,прочие болезни,other disease,,1,0,1,1,0,0,0,0,0,0,0,0,0,1,0,0,0,0,0,,
Moscow,provincial city,1891,February,"смерть насильственная, но род не определен",violent death,,6,2,8,3,0,0,0,1,1,0,0,2,3,1,0,0,0,0,0,,
Moscow,provincial city,1891,March,тиф сыпной,spotted fever,,37,4,41,1,11,0,0,0,0,0,4,18,6,10,3,0,0,0,0,,
Moscow,provincial city,1891,March,тиф брюшной,enteric fever,,23,7,30,1,0,0,0,0,0,2,4,17,4,1,0,0,1,0,1,,
Moscow,provincial city,1891,March,возвратная горячка,fever,,0,0,0,0,0,0,0,0,0,0,0,0,0,0,0,0,0,0,0,,
Moscow,provincial city,1891,March,тиф без означения формы,typhus,,5,2,7,1,0,0,0,0,0,1,0,1,1,2,2,0,0,0,0,,
Moscow,provincial city,1891,March,послеродовая горячка,puerperal fever,,0,11,11,1,0,0,0,0,0,0,1,4,6,0,0,0,0,0,0,,
Moscow,provincial city,1891,March,перемежающаяся лихорадка,remittent fever,,1,0,1,0,0,0,0,0,0,0,0,0,0,0,0,0,1,0,0,,
Moscow,provincial city,1891,March,оспа,smallpox,,1,1,2,0,0,1,0,1,0,0,0,0,0,0,0,0,0,0,0,,
Moscow,provincial city,1891,March,скарлатина,scarlet fever,,18,11,29,1,0,0,1,13,11,2,2,0,0,0,0,0,0,0,0,,
Moscow,provincial city,1891,March,корь,measles,,3,1,4,0,0,0,0,4,0,0,0,0,0,0,0,0,0,0,0,,
Moscow,provincial city,1891,March,кровавый понос,bloody diarrhoea,,6,3,9,0,1,0,0,2,2,0,1,0,1,1,1,1,0,0,0,,
Moscow,provincial city,1891,March,дифтерит,pseudomembranous inflammation,,21,18,39,1,0,8,0,15,9,3,3,0,0,1,0,0,0,0,0,,
Moscow,provincial city,1891,March,круп,croup,yes,0,2,2,0,0,0,0,2,0,0,0,0,0,0,0,0,0,0,0,,
Moscow,provincial city,1891,March,крупозная пневмония,pulmonic fever,yes,42,28,70,2,3,1,2,1,1,0,2,9,3,22,12,13,3,1,0,,
Moscow,provincial city,1891,March,холера,cholera,,0,0,0,0,0,0,0,0,0,0,0,0,0,0,0,0,0,0,0,,
Moscow,provincial city,1891,March,цереброспин. Менингит,spotted fever,,0,0,0,0,0,0,0,0,0,0,0,0,0,0,0,0,0,0,0,,
Moscow,provincial city,1891,March,коклюш,whooping-cough,yes,6,7,13,0,0,4,6,2,1,0,0,0,0,0,0,0,0,0,0,,
Moscow,provincial city,1891,March,сифилис,syphilis,,3,2,5,0,0,3,0,0,0,0,0,0,0,1,0,1,0,0,0,,
Moscow,provincial city,1891,March,водобоязнь,rabies,,2,0,2,2,0,0,0,0,0,0,0,0,1,0,0,0,0,0,1,,
Moscow,provincial city,1891,March,сибирская язва,Siberian plague / anthrax,,2,0,2,0,0,0,0,0,0,0,1,1,0,0,0,0,0,0,0,,
Moscow,provincial city,1891,March,сап,glanders,,0,0,0,0,0,0,0,0,0,0,0,0,0,0,0,0,0,0,0,,
Moscow,provincial city,1891,March,рожа,wildfire,,10,9,19,0,0,10,0,0,0,0,2,2,2,0,0,1,1,1,0,,
Moscow,provincial city,1891,March,пиэмия,pyemia,,4,2,6,1,0,0,0,0,0,1,0,1,0,4,0,0,0,0,0,,
Moscow,provincial city,1891,March,септицемия,septicaemia,,22,13,35,1,0,32,0,0,0,0,0,0,0,3,0,0,0,0,0,,
Moscow,provincial city,1891,March,малокровие и хлороз,anemia,,1,2,3,1,0,0,0,0,0,0,0,2,0,1,0,0,0,0,0,,
Moscow,provincial city,1891,March,белокровие,leukemia,,0,0,0,0,0,0,0,0,0,0,0,0,0,0,0,0,0,0,0,,
Moscow,provincial city,1891,March,золотуха,scrofula,,6,1,7,0,0,2,2,3,0,0,0,0,0,0,0,0,0,0,0,,
Moscow,provincial city,1891,March,английская болезнь,english disease,,3,4,7,0,0,1,1,4,1,0,0,0,0,0,0,0,0,0,0,,
Moscow,provincial city,1891,March,острый туберкулез,tuberculosis,,3,3,6,1,0,2,0,1,0,0,0,0,2,1,0,0,0,0,0,,
Moscow,provincial city,1891,March,сахарное мочеизнурение,diabetes,,0,1,1,0,0,0,0,0,0,0,0,0,0,0,1,0,0,0,0,,
Moscow,provincial city,1891,March,подагра,gout,,0,0,0,0,0,0,0,0,0,0,0,0,0,0,0,0,0,0,0,,
Moscow,provincial city,1891,March,ревматизм,rheumatism,,0,0,0,0,0,0,0,0,0,0,0,0,0,0,0,0,0,0,0,,
Moscow,provincial city,1891,March,скорбут,scurvy,,1,0,1,0,0,0,0,0,0,0,0,0,1,0,0,0,0,0,0,,
Moscow,provincial city,1891,March,верлгофова болезнь,disease vergola,,2,1,3,0,0,0,0,0,0,0,0,0,0,0,2,1,0,0,0,,
Moscow,provincial city,1891,March,гемофилия,hemophilia,,0,0,0,0,0,0,0,0,0,0,0,0,0,0,0,0,0,0,0,,
Moscow,provincial city,1891,March,алкоголизм,alcoholism,,3,1,4,1,0,0,0,0,0,0,0,0,3,0,1,0,0,0,0,,
Moscow,provincial city,1891,March,рак,cancer,,33,40,73,2,1,0,0,0,0,0,1,8,19,22,18,3,2,0,0,,
Moscow,provincial city,1891,March,прочие злокачеств. опухоли,other malignant tumor,,4,3,7,1,0,0,0,1,0,0,1,2,0,1,1,0,1,0,0,,
Moscow,provincial city,1891,March,болезни нервной системы,diseases of the nervous system,,91,50,141,6,1,15,7,23,2,3,5,9,17,12,14,18,14,1,1,,
Moscow,provincial city,1891,March,болезни кровеносной системы,blood disease,,35,51,86,4,0,1,2,3,0,0,0,10,9,9,25,16,8,3,0,,
Moscow,provincial city,1891,March,болезни дыхат. Органов,respiratory disease,yes,161,141,302,9,1,120,41,77,4,3,0,7,8,5,16,14,5,2,0,,
Moscow,provincial city,1891,March,чахотка легких,pulmonary tuberculosis,yes,289,106,395,16,13,1,2,6,2,1,24,108,100,70,52,23,5,0,1,,
Moscow,provincial city,1891,March,болезни пищеварит. Органов,diseases of the digestive organs,,38,28,66,4,3,22,1,2,0,2,3,6,6,8,8,8,0,0,0,,
Moscow,provincial city,1891,March,желудочно-кишечный катар,gastro-intestinal infection,yes,83,78,161,4,2,100,29,20,0,1,0,1,3,4,1,1,1,0,0,,
Moscow,provincial city,1891,March,болезни мочевых органов,urinary tract diseases,,36,20,56,2,1,0,0,3,2,0,1,8,8,16,7,8,3,0,0,,
Moscow,provincial city,1891,March,болезни половых орагнов,diseases of the genitals,,2,4,6,1,0,0,0,0,0,0,0,2,1,0,1,0,1,0,1,,
Moscow,provincial city,1891,March,"болезни костей, суставов и мышц ",bone disease,,9,2,11,2,0,0,0,1,1,1,2,2,0,1,2,0,0,1,0,,
Moscow,provincial city,1891,March,болезни кожи и подкожной клечатки,skin disease,,4,1,5,1,0,2,0,0,0,0,0,1,1,0,0,1,0,0,0,,
Moscow,provincial city,1891,March,болезни лимфатических сосудов и желез,diseases of the lymphatic vessels,,0,0,0,0,0,0,0,0,0,0,0,0,0,0,0,0,0,0,0,,
Moscow,provincial city,1891,March,врожденная слабость,inherent weakness,,69,66,135,0,0,135,0,0,0,0,0,0,0,0,0,0,0,0,0,,
Moscow,provincial city,1891,March,старческая дряхлость,senile senility,,52,105,157,1,1,0,0,0,0,0,0,0,0,0,7,50,78,22,0,,
Moscow,provincial city,1891,March,врожденные пороки развития,congenital malformation,,1,1,2,0,0,2,0,0,0,0,0,0,0,0,0,0,0,0,0,,
Moscow,provincial city,1891,March,причина неизвестна,unknown reason,,47,31,78,1,0,33,0,0,0,1,2,3,7,12,10,6,2,0,2,,
Moscow,provincial city,1891,March,причина неточно определена,wrong reason,,6,11,17,0,0,1,1,1,1,1,0,0,1,3,1,4,3,0,0,,
Moscow,provincial city,1891,March,несчастные случаи,acciden,,12,0,12,2,0,0,0,1,0,0,1,2,3,3,0,1,0,0,1,,
Moscow,provincial city,1891,March,самоубийства,suicides,,7,1,8,0,0,0,0,0,0,0,0,2,2,0,2,0,0,0,2,,
Moscow,provincial city,1891,March,убийства,murders,,2,1,3,0,0,1,0,0,0,0,0,0,1,0,0,1,0,0,0,,
Moscow,provincial city,1891,March,прочие болезни,other disease,,0,0,0,0,0,0,0,0,0,0,0,0,0,0,0,0,0,0,0,,
Moscow,provincial city,1891,March,"смерть насильственная, но род не определен",violent death,,3,1,4,1,0,0,0,1,0,0,0,2,1,0,0,0,0,0,0,,
Moscow,provincial city,1891,April,тиф сыпной,spotted fever,,24,4,28,2,7,0,0,0,0,0,5,11,7,2,3,0,0,0,0,,
Moscow,provincial city,1891,April,тиф брюшной,enteric fever,,18,9,27,0,0,0,0,0,0,2,0,14,5,3,2,1,0,0,0,,
Moscow,provincial city,1891,April,возвратная горячка,fever,,0,0,0,0,0,0,0,0,0,0,0,0,0,0,0,0,0,0,0,,
Moscow,provincial city,1891,April,тиф без означения формы,typhus,,5,2,7,0,0,0,0,2,1,0,1,0,0,1,2,0,0,0,0,,
Moscow,provincial city,1891,April,послеродовая горячка,puerperal fever,,0,4,4,1,0,0,0,0,0,0,0,1,3,0,0,0,0,0,0,,
Moscow,provincial city,1891,April,перемежающаяся лихорадка,remittent fever,,0,0,0,0,0,0,0,0,0,0,0,0,0,0,0,0,0,0,0,,
Moscow,provincial city,1891,April,оспа,smallpox,,3,1,4,0,0,1,0,0,1,0,1,1,0,0,0,0,0,0,0,,
Moscow,provincial city,1891,April,скарлатина,scarlet fever,,10,14,24,1,0,0,2,12,9,1,0,0,0,0,0,0,0,0,0,,
Moscow,provincial city,1891,April,корь,measles,,9,7,16,0,0,2,6,8,0,0,0,0,0,0,0,0,0,0,0,,
Moscow,provincial city,1891,April,кровавый понос,bloody diarrhoea,,4,1,5,0,0,0,0,1,0,0,1,1,0,1,1,0,0,0,0,,
Moscow,provincial city,1891,April,дифтерит,pseudomembranous inflammation,,15,28,43,0,0,10,0,18,7,5,1,1,1,0,0,0,0,0,0,,
Moscow,provincial city,1891,April,круп,croup,yes,1,1,2,0,0,0,1,1,0,0,0,0,0,0,0,0,0,0,0,,
Moscow,provincial city,1891,April,крупозная пневмония,pulmonic fever,yes,62,37,99,6,6,0,1,2,0,0,7,14,11,17,21,18,6,2,0,,
Moscow,provincial city,1891,April,холера,cholera,,0,0,0,0,0,0,0,0,0,0,0,0,0,0,0,0,0,0,0,,
Moscow,provincial city,1891,April,цереброспин. Менингит,spotted fever,,0,0,0,0,0,0,0,0,0,0,0,0,0,0,0,0,0,0,0,,
Moscow,provincial city,1891,April,коклюш,whooping-cough,yes,5,8,13,0,0,4,4,4,1,0,0,0,0,0,0,0,0,0,0,,
Moscow,provincial city,1891,April,сифилис,syphilis,,1,3,4,0,0,4,0,0,0,0,0,0,0,0,0,0,0,0,0,,
Moscow,provincial city,1891,April,водобоязнь,rabies,,2,0,2,2,0,0,0,0,0,0,1,1,0,0,0,0,0,0,0,,
Moscow,provincial city,1891,April,сибирская язва,Siberian plague / anthrax,,0,0,0,0,0,0,0,0,0,0,0,0,0,0,0,0,0,0,0,,
Moscow,provincial city,1891,April,сап,glanders,,0,0,0,0,0,0,0,0,0,0,0,0,0,0,0,0,0,0,0,,
Moscow,provincial city,1891,April,рожа,wildfire,,17,10,27,1,2,18,0,0,0,0,0,2,0,2,2,3,0,0,0,,
Moscow,provincial city,1891,April,пиэмия,pyemia,,8,2,10,2,0,0,0,0,2,0,2,4,1,1,0,0,0,0,0,,
Moscow,provincial city,1891,April,септицемия,septicaemia,,16,17,33,0,0,28,0,0,0,0,1,4,0,0,0,0,0,0,0,,
Moscow,provincial city,1891,April,малокровие и хлороз,anemia,,0,6,6,1,0,0,0,0,0,0,1,3,1,1,0,0,0,0,0,,
Moscow,provincial city,1891,April,белокровие,leukemia,,0,0,0,0,0,0,0,0,0,0,0,0,0,0,0,0,0,0,0,,
Moscow,provincial city,1891,April,золотуха,scrofula,,2,0,2,0,0,1,0,0,0,1,0,0,0,0,0,0,0,0,0,,
Moscow,provincial city,1891,April,английская болезнь,english disease,,14,7,21,0,0,2,4,14,1,0,0,0,0,0,0,0,0,0,0,,
Moscow,provincial city,1891,April,острый туберкулез,tuberculosis,,2,3,5,0,0,2,0,0,0,0,1,0,0,0,2,0,0,0,0,,
Moscow,provincial city,1891,April,сахарное мочеизнурение,diabetes,,1,0,1,0,0,0,0,0,0,0,0,0,0,0,0,0,1,0,0,,
Moscow,provincial city,1891,April,подагра,gout,,0,0,0,0,0,0,0,0,0,0,0,0,0,0,0,0,0,0,0,,
Moscow,provincial city,1891,April,ревматизм,rheumatism,,1,0,1,0,0,0,0,0,1,0,0,0,0,0,0,0,0,0,0,,
Moscow,provincial city,1891,April,скорбут,scurvy,,2,0,2,0,1,0,0,0,0,0,0,1,0,0,1,0,0,0,0,,
Moscow,provincial city,1891,April,верлгофова болезнь,disease vergola,,0,0,0,0,0,0,0,0,0,0,0,0,0,0,0,0,0,0,0,,
Moscow,provincial city,1891,April,гемофилия,hemophilia,,0,0,0,0,0,0,0,0,0,0,0,0,0,0,0,0,0,0,0,,
Moscow,provincial city,1891,April,алкоголизм,alcoholism,,0,0,0,1,0,0,0,0,0,0,0,2,5,2,0,0,0,0,1,,
Moscow,provincial city,1891,April,рак,cancer,,0,0,0,7,0,0,0,0,0,0,0,0,7,12,22,25,3,1,1,,
Moscow,provincial city,1891,April,прочие злокачеств. опухоли,other malignant tumor,,0,0,0,1,0,0,0,0,0,0,0,1,1,2,0,1,0,0,0,,
Moscow,provincial city,1891,April,болезни нервной системы,diseases of the nervous system,,0,0,0,7,0,14,10,21,4,6,3,6,17,13,21,22,10,0,1,,
Moscow,provincial city,1891,April,болезни кровеносной системы,blood disease,,0,0,0,1,0,2,2,0,0,0,3,6,6,18,14,25,4,1,0,,
Moscow,provincial city,1891,April,болезни дыхат. Органов,respiratory disease,yes,0,0,0,7,4,211,65,66,8,2,2,8,4,12,14,25,6,2,0,,
Moscow,provincial city,1891,April,чахотка легких,pulmonary tuberculosis,yes,0,0,0,22,5,1,1,1,2,4,27,114,96,69,35,24,8,1,0,,
Moscow,provincial city,1891,April,болезни пищеварит. Органов,diseases of the digestive organs,,0,0,0,5,0,26,1,1,0,2,1,9,6,6,12,4,1,1,0,,
Moscow,provincial city,1891,April,желудочно-кишечный катар,gastro-intestinal infection,yes,0,0,0,3,1,538,32,28,0,0,1,1,2,2,2,5,1,0,0,,
Moscow,provincial city,1891,April,болезни мочевых органов,urinary tract diseases,,0,0,0,4,2,0,0,2,0,1,0,6,5,7,6,8,2,0,0,,
Moscow,provincial city,1891,April,болезни половых орагнов,diseases of the genitals,,0,0,0,0,0,0,0,0,0,0,0,1,4,0,1,0,0,0,0,,
Moscow,provincial city,1891,April,"болезни костей, суставов и мышц ",bone disease,,0,0,0,2,0,0,0,1,2,0,3,0,0,1,1,1,0,0,0,,
Moscow,provincial city,1891,April,болезни кожи и подкожной клечатки,skin disease,,0,0,0,1,0,0,0,0,1,0,1,0,0,1,4,0,0,0,0,,
Moscow,provincial city,1891,April,болезни лимфатических сосудов и желез,diseases of the lymphatic vessels,,0,0,0,0,0,0,0,1,0,0,0,0,0,0,0,0,0,0,0,,
Moscow,provincial city,1891,April,врожденная слабость,inherent weakness,,0,0,0,1,0,148,5,0,0,0,0,0,0,0,0,0,0,0,0,,
Moscow,provincial city,1891,April,старческая дряхлость,senile senility,,0,0,0,3,1,0,0,0,0,0,0,0,0,0,10,46,0,22,0,,
Moscow,provincial city,1891,April,врожденные пороки развития,congenital malformation,,0,0,0,0,0,3,0,0,0,0,0,0,0,0,0,0,0,0,0,,
Moscow,provincial city,1891,April,причина неизвестна,unknown reason,,0,0,0,3,0,118,0,0,1,2,3,1,9,11,10,7,3,0,0,,
Moscow,provincial city,1891,April,причина неточно определена,wrong reason,,0,0,0,0,0,3,1,2,0,0,0,0,3,3,2,11,1,0,0,,
Moscow,provincial city,1891,April,несчастные случаи,acciden,,0,0,0,0,0,0,0,1,1,2,0,1,1,1,1,0,0,0,0,,
Moscow,provincial city,1891,April,самоубийства,suicides,,0,0,0,0,0,0,0,0,0,0,0,0,0,3,3,0,0,0,1,,
Moscow,provincial city,1891,April,убийства,murders,,0,0,0,0,0,0,0,0,0,0,0,0,0,2,0,0,0,0,0,,
Moscow,provincial city,1891,April,прочие болезни,other disease,,0,0,0,1,0,0,0,0,0,0,0,0,1,1,0,0,0,0,0,,
Moscow,provincial city,1891,April,"смерть насильственная, но род не определен",violent death,,0,0,0,1,0,0,0,0,0,0,0,2,5,6,0,0,0,0,0,,
Moscow,provincial city,1891,May,тиф сыпной,spotted fever,,9,5,14,2,2,0,0,0,0,1,2,5,4,1,1,0,0,0,0,,
Moscow,provincial city,1891,May,тиф брюшной,enteric fever,,14,5,19,0,0,0,0,0,1,1,0,11,2,1,2,1,0,0,0,,
Moscow,provincial city,1891,May,возвратная горячка,fever,,1,0,1,0,0,0,0,0,0,0,0,0,0,1,0,0,0,0,0,,
Moscow,provincial city,1891,May,тиф без означения формы,typhus,,3,3,6,1,1,0,1,0,1,0,0,1,1,1,0,1,0,0,0,,
Moscow,provincial city,1891,May,послеродовая горячка,puerperal fever,,0,4,4,1,0,0,0,0,0,0,0,3,1,0,0,0,0,0,0,,
Moscow,provincial city,1891,May,перемежающаяся лихорадка,remittent fever,,0,0,0,0,0,0,0,0,0,0,0,0,0,0,0,0,0,0,0,,
Moscow,provincial city,1891,May,оспа,smallpox,,4,3,7,0,0,1,1,1,1,2,0,0,1,0,0,0,0,0,0,,
Moscow,provincial city,1891,May,скарлатина,scarlet fever,,9,4,13,0,0,0,0,9,3,1,0,0,0,0,0,0,0,0,0,,
Moscow,provincial city,1891,May,корь,measles,,11,9,20,0,0,0,9,10,0,0,1,0,0,0,0,0,0,0,0,,
Moscow,provincial city,1891,May,кровавый понос,bloody diarrhoea,,7,6,13,0,0,3,1,3,0,1,1,0,1,1,2,0,0,0,0,,
Moscow,provincial city,1891,May,дифтерит,pseudomembranous inflammation,,21,23,44,1,0,16,1,16,7,1,2,0,1,0,0,0,0,0,0,,
Moscow,provincial city,1891,May,круп,croup,yes,3,1,4,0,0,0,0,4,0,0,0,0,0,0,0,0,0,0,0,,
Moscow,provincial city,1891,May,крупозная пневмония,pulmonic fever,yes,51,29,80,3,1,3,2,5,0,1,2,10,8,10,19,13,7,0,0,,
Moscow,provincial city,1891,May,холера,cholera,,0,0,0,0,0,0,0,0,0,0,0,0,0,0,0,0,0,0,0,,
Moscow,provincial city,1891,May,цереброспин. Менингит,spotted fever,,0,0,0,0,0,0,0,0,0,0,0,0,0,0,0,0,0,0,0,,
Moscow,provincial city,1891,May,коклюш,whooping-cough,yes,2,1,3,0,0,1,1,1,0,0,0,0,0,0,0,0,0,0,0,,
Moscow,provincial city,1891,May,сифилис,syphilis,,4,2,6,0,0,6,0,0,0,0,0,0,0,0,0,0,0,0,0,,
Moscow,provincial city,1891,May,водобоязнь,rabies,,5,0,5,5,0,0,0,0,1,0,2,0,1,0,0,1,0,0,0,,
Moscow,provincial city,1891,May,сибирская язва,Siberian plague / anthrax,,0,0,0,0,0,0,0,0,0,0,0,0,0,0,0,0,0,0,0,,
Moscow,provincial city,1891,May,сап,glanders,,1,0,1,1,0,0,0,0,0,0,0,1,0,0,0,0,0,0,0,,
Moscow,provincial city,1891,May,рожа,wildfire,,14,7,21,0,3,8,0,0,0,0,0,0,4,2,2,2,1,0,0,,
Moscow,provincial city,1891,May,пиэмия,pyemia,,5,2,7,1,0,0,0,0,0,0,0,2,0,2,1,2,0,0,0,,
Moscow,provincial city,1891,May,септицемия,septicaemia,,14,11,25,0,0,22,0,0,0,0,0,0,0,2,0,1,0,0,0,,
Moscow,provincial city,1891,May,малокровие и хлороз,anemia,,0,2,2,0,0,1,0,0,0,0,0,0,1,0,0,0,0,0,0,,
Moscow,provincial city,1891,May,белокровие,leukemia,,0,0,0,0,0,0,0,0,0,0,0,0,0,0,0,0,0,0,0,,
Moscow,provincial city,1891,May,золотуха,scrofula,,3,0,3,0,0,1,2,0,0,0,0,0,0,0,0,0,0,0,0,,
Moscow,provincial city,1891,May,английская болезнь,english disease,,9,8,17,0,0,1,3,10,3,0,0,0,0,0,0,0,0,0,0,,
Moscow,provincial city,1891,May,острый туберкулез,tuberculosis,,4,1,5,0,0,4,0,0,0,0,0,0,1,0,0,0,0,0,0,,
Moscow,provincial city,1891,May,сахарное мочеизнурение,diabetes,,0,1,1,0,0,0,0,0,0,0,0,0,0,0,1,0,0,0,0,,
Moscow,provincial city,1891,May,подагра,gout,,0,0,0,0,0,0,0,0,0,0,0,0,0,0,0,0,0,0,0,,
Moscow,provincial city,1891,May,ревматизм,rheumatism,,0,0,0,0,0,0,0,0,0,0,0,0,0,0,0,0,0,0,0,,
Moscow,provincial city,1891,May,скорбут,scurvy,,6,0,6,0,6,0,0,0,0,0,0,3,1,1,0,1,0,0,0,,
Moscow,provincial city,1891,May,верлгофова болезнь,disease vergola,,0,1,1,0,0,0,0,0,0,0,0,0,0,1,0,0,0,0,0,,
Moscow,provincial city,1891,May,гемофилия,hemophilia,,0,0,0,0,0,0,0,0,0,0,0,0,0,0,0,0,0,0,0,,
Moscow,provincial city,1891,May,алкоголизм,alcoholism,,9,0,9,0,0,0,0,0,0,0,0,1,5,2,1,0,0,0,0,,
Moscow,provincial city,1891,May,рак,cancer,,30,35,65,4,0,0,0,0,0,0,0,3,8,15,16,15,7,0,1,,
Moscow,provincial city,1891,May,прочие злокачеств. опухоли,other malignant tumor,,4,4,8,0,0,0,0,0,0,0,1,0,0,3,1,2,0,1,0,,
Moscow,provincial city,1891,May,болезни нервной системы,diseases of the nervous system,,72,50,122,6,1,11,8,19,5,2,7,7,11,15,18,10,8,0,0,,
Moscow,provincial city,1891,May,болезни кровеносной системы,blood disease,,46,54,100,5,0,17,0,1,0,0,2,2,8,16,18,22,10,3,1,,
Moscow,provincial city,1891,May,болезни дыхат. Органов,respiratory disease,yes,182,151,333,7,7,174,42,54,1,0,2,8,7,6,13,17,7,2,0,,
Moscow,provincial city,1891,May,чахотка легких,pulmonary tuberculosis,yes,331,107,438,21,14,0,0,2,0,5,30,80,84,63,36,28,7,1,2,,
Moscow,provincial city,1891,May,болезни пищеварит. Органов,diseases of the digestive organs,,27,20,47,2,1,15,0,0,0,2,0,5,9,9,5,2,0,0,0,,
Moscow,provincial city,1891,May,желудочно-кишечный катар,gastro-intestinal infection,yes,310,290,600,2,1,492,62,42,1,0,0,0,0,1,1,1,0,0,0,,
Moscow,provincial city,1891,May,болезни мочевых органов,urinary tract diseases,,18,22,40,10,4,0,0,0,0,1,1,6,7,6,9,7,3,0,0,,
Moscow,provincial city,1891,May,болезни половых орагнов,diseases of the genitals,,2,3,5,0,0,0,0,0,0,0,0,0,2,1,2,0,0,0,0,,
Moscow,provincial city,1891,May,"болезни костей, суставов и мышц ",bone disease,,8,3,11,1,0,0,0,1,1,0,1,3,2,0,2,0,1,0,0,,
Moscow,provincial city,1891,May,болезни кожи и подкожной клечатки,skin disease,,0,1,1,0,0,1,0,0,0,0,0,0,0,0,0,0,0,0,0,,
Moscow,provincial city,1891,May,болезни лимфатических сосудов и желез,diseases of the lymphatic vessels,,0,2,2,0,0,2,0,0,0,0,0,0,0,0,0,0,0,0,0,,
Moscow,provincial city,1891,May,врожденная слабость,inherent weakness,,109,86,195,0,0,189,6,0,0,0,0,0,0,0,0,0,0,0,0,,
Moscow,provincial city,1891,May,старческая дряхлость,senile senility,,49,75,124,4,2,0,0,0,0,0,0,0,0,0,7,40,61,15,1,,
Moscow,provincial city,1891,May,врожденные пороки развития,congenital malformation,,3,2,5,0,0,5,0,0,0,0,0,0,0,0,0,0,0,0,0,,
Moscow,provincial city,1891,May,причина неизвестна,unknown reason,,81,57,138,4,0,90,0,0,0,0,1,8,7,10,16,4,2,0,0,,
Moscow,provincial city,1891,May,причина неточно определена,wrong reason,,16,11,27,2,0,4,3,3,1,0,0,0,2,2,4,6,2,0,0,,
Moscow,provincial city,1891,May,несчастные случаи,acciden,,5,2,7,1,0,0,0,0,0,1,0,2,0,0,1,2,1,0,0,,
Moscow,provincial city,1891,May,самоубийства,suicides,,7,0,7,0,0,0,0,0,0,0,1,1,2,1,2,0,0,0,0,,
Moscow,provincial city,1891,May,убийства,murders,,0,0,0,0,0,0,0,0,0,0,0,0,0,0,0,0,0,0,0,,
Moscow,provincial city,1891,May,прочие болезни,other disease,,1,0,1,1,0,0,0,0,0,0,0,0,1,0,0,0,0,0,0,,
Moscow,provincial city,1891,May,"смерть насильственная, но род не определен",violent death,,8,2,10,0,0,0,0,2,0,0,0,1,1,5,0,1,0,0,0,,
Moscow,provincial city,1891,June,тиф сыпной,spotted fever,,8,1,9,1,2,0,0,0,0,0,2,2,0,2,2,1,0,0,0,,
Moscow,provincial city,1891,June,тиф брюшной,enteric fever,,31,5,36,12,0,0,0,0,1,0,3,24,6,1,0,1,0,0,0,,
Moscow,provincial city,1891,June,возвратная горячка,fever,,0,0,0,0,0,0,0,0,0,0,0,0,0,0,0,0,0,0,0,,
Moscow,provincial city,1891,June,тиф без означения формы,typhus,,4,4,8,0,1,0,0,2,0,1,0,1,1,0,1,1,0,0,1,,
Moscow,provincial city,1891,June,послеродовая горячка,puerperal fever,,0,7,7,0,0,0,0,0,0,0,0,3,4,0,0,0,0,0,0,,
Moscow,provincial city,1891,June,перемежающаяся лихорадка,remittent fever,,1,0,1,1,0,0,0,0,0,0,0,1,0,0,0,0,0,0,0,,
Moscow,provincial city,1891,June,оспа,smallpox,,3,4,7,0,1,1,3,1,1,1,0,0,0,0,0,0,0,0,0,,
Moscow,provincial city,1891,June,скарлатина,scarlet fever,,10,11,21,0,0,0,2,10,6,2,0,1,0,0,0,0,0,0,0,,
Moscow,provincial city,1891,June,корь,measles,,14,10,24,0,2,3,8,12,1,0,0,0,0,0,0,0,0,0,0,,
Moscow,provincial city,1891,June,кровавый понос,bloody diarrhoea,,18,14,32,2,0,3,2,10,1,0,3,1,2,3,4,3,0,0,0,,
Moscow,provincial city,1891,June,дифтерит,pseudomembranous inflammation,,14,14,28,0,0,4,2,13,6,1,1,1,0,0,0,0,0,0,0,,
Moscow,provincial city,1891,June,круп,croup,yes,0,3,3,0,0,0,0,2,1,0,0,0,0,0,0,0,0,0,0,,
Moscow,provincial city,1891,June,крупозная пневмония,pulmonic fever,yes,36,19,55,2,6,0,1,4,0,0,0,2,10,11,18,9,0,0,0,,
Moscow,provincial city,1891,June,холера,cholera,,0,0,0,0,0,0,0,0,0,0,0,0,0,0,0,0,0,0,0,,
Moscow,provincial city,1891,June,цереброспин. Менингит,spotted fever,,0,0,0,0,0,0,0,0,0,0,0,0,0,0,0,0,0,0,0,,
Moscow,provincial city,1891,June,коклюш,whooping-cough,yes,2,4,6,0,0,1,3,2,0,0,0,0,0,0,0,0,0,0,0,,
Moscow,provincial city,1891,June,сифилис,syphilis,,1,4,5,1,0,5,0,0,0,0,0,0,0,0,0,0,0,0,0,,
Moscow,provincial city,1891,June,водобоязнь,rabies,,2,0,2,2,0,0,0,0,0,0,1,1,0,0,0,0,0,0,0,,
Moscow,provincial city,1891,June,сибирская язва,Siberian plague / anthrax,,3,0,3,0,0,0,0,0,0,0,0,2,1,0,0,0,0,0,0,,
Moscow,provincial city,1891,June,сап,glanders,,0,0,0,0,0,0,0,0,0,0,0,0,0,0,0,0,0,0,0,,
Moscow,provincial city,1891,June,рожа,wildfire,,3,4,7,0,2,1,0,0,0,0,1,1,1,1,1,0,0,1,0,,
Moscow,provincial city,1891,June,пиэмия,pyemia,,1,0,1,0,0,0,0,0,0,0,0,1,0,0,0,0,0,0,0,,
Moscow,provincial city,1891,June,септицемия,septicaemia,,13,9,22,2,0,18,0,0,0,0,0,2,1,0,1,0,0,0,0,,
Moscow,provincial city,1891,June,малокровие и хлороз,anemia,,2,2,4,0,0,1,0,0,0,0,0,2,0,0,0,1,0,0,0,,
Moscow,provincial city,1891,June,белокровие,leukemia,,0,0,0,0,0,0,0,0,0,0,0,0,0,0,0,0,0,0,0,,
Moscow,provincial city,1891,June,золотуха,scrofula,,3,1,4,0,0,0,2,2,0,0,0,0,0,0,0,0,0,0,0,,
Moscow,provincial city,1891,June,английская болезнь,english disease,,7,3,10,0,0,1,2,7,0,0,0,0,0,0,0,0,0,0,0,,
Moscow,provincial city,1891,June,острый туберкулез,tuberculosis,,5,3,8,2,0,3,0,0,0,0,1,2,1,1,0,0,0,0,0,,
Moscow,provincial city,1891,June,сахарное мочеизнурение,diabetes,,0,0,0,0,0,0,0,0,0,0,0,0,0,0,0,0,0,0,0,,
Moscow,provincial city,1891,June,подагра,gout,,0,0,0,0,0,0,0,0,0,0,0,0,0,0,0,0,0,0,0,,
Moscow,provincial city,1891,June,ревматизм,rheumatism,,1,0,1,0,0,0,0,0,0,0,0,0,0,0,0,1,0,0,0,,
Moscow,provincial city,1891,June,скорбут,scurvy,,6,0,6,0,5,0,0,0,0,0,0,0,0,2,3,0,1,0,0,,
Moscow,provincial city,1891,June,верлгофова болезнь,disease vergola,,0,0,0,0,0,0,0,0,0,0,0,0,0,0,0,0,0,0,0,,
Moscow,provincial city,1891,June,гемофилия,hemophilia,,0,0,0,0,0,0,0,0,0,0,0,0,0,0,0,0,0,0,0,,
Moscow,provincial city,1891,June,алкоголизм,alcoholism,,9,0,9,0,0,0,0,0,0,0,0,0,3,3,1,2,0,0,0,,
Moscow,provincial city,1891,June,рак,cancer,,32,36,68,9,0,0,0,0,0,0,0,0,0,2,16,26,19,4,1,,
Moscow,provincial city,1891,June,прочие злокачеств. опухоли,other malignant tumor,,2,1,3,1,0,0,0,0,1,0,0,0,1,0,0,1,0,0,0,,
Moscow,provincial city,1891,June,болезни нервной системы,diseases of the nervous system,,58,53,111,7,1,5,10,23,5,4,0,9,8,8,15,15,8,1,0,,
Moscow,provincial city,1891,June,болезни кровеносной системы,blood disease,,43,44,87,3,1,3,0,0,3,0,4,3,5,19,22,20,7,1,0,,
Moscow,provincial city,1891,June,болезни дыхат. Органов,respiratory disease,yes,127,123,250,4,4,144,30,36,2,0,2,6,2,4,10,12,2,0,0,,
Moscow,provincial city,1891,June,чахотка легких,pulmonary tuberculosis,yes,209,91,300,20,21,2,0,4,1,7,18,84,76,61,23,18,5,0,1,,
Moscow,provincial city,1891,June,болезни пищеварит. Органов,diseases of the digestive organs,,31,18,49,5,1,12,3,0,0,0,0,7,6,11,7,3,0,0,0,,
Moscow,provincial city,1891,June,желудочно-кишечный катар,gastro-intestinal infection,yes,500,399,899,0,1,506,276,108,1,0,0,3,1,2,1,1,0,0,1,,
Moscow,provincial city,1891,June,болезни мочевых органов,urinary tract diseases,,24,14,38,7,2,0,0,0,0,1,2,5,12,7,5,6,0,0,0,,
Moscow,provincial city,1891,June,болезни половых орагнов,diseases of the genitals,,1,4,5,1,0,0,0,0,0,0,0,2,2,0,0,1,0,0,0,,
Moscow,provincial city,1891,June,"болезни костей, суставов и мышц ",bone disease,,4,4,8,1,0,0,0,0,0,0,0,2,2,2,2,0,0,0,0,,
Moscow,provincial city,1891,June,болезни кожи и подкожной клечатки,skin disease,,2,1,3,1,0,0,0,0,0,0,1,0,0,0,1,0,0,1,0,,
Moscow,provincial city,1891,June,болезни лимфатических сосудов и желез,diseases of the lymphatic vessels,,0,1,1,0,0,0,0,0,0,0,0,0,0,0,1,0,0,0,0,,
Moscow,provincial city,1891,June,врожденная слабость,inherent weakness,,104,78,182,0,0,182,0,0,0,0,0,0,0,0,0,0,0,0,0,,
Moscow,provincial city,1891,June,старческая дряхлость,senile senility,,33,91,124,2,3,0,0,0,0,0,0,0,0,0,7,36,52,29,0,,
Moscow,provincial city,1891,June,врожденные пороки развития,congenital malformation,,5,1,6,0,0,6,0,0,0,0,0,0,0,0,0,0,0,0,0,,
Moscow,provincial city,1891,June,причина неизвестна,unknown reason,,53,23,76,3,10,30,0,0,0,0,3,2,9,10,11,7,3,0,1,,
Moscow,provincial city,1891,June,причина неточно определена,wrong reason,,5,9,14,0,0,0,0,1,1,0,0,0,1,2,2,5,2,0,0,,
Moscow,provincial city,1891,June,несчастные случаи,acciden,,14,5,19,0,3,0,0,3,1,0,1,8,2,0,2,1,0,0,1,,
Moscow,provincial city,1891,June,самоубийства,suicides,,6,2,8,2,1,0,0,0,0,0,3,3,0,0,1,1,0,0,0,,
Moscow,provincial city,1891,June,убийства,murders,,0,0,0,0,0,0,0,0,0,0,0,0,0,0,0,0,0,0,0,,
Moscow,provincial city,1891,June,прочие болезни,other disease,,0,0,0,0,0,0,0,0,0,0,0,0,0,0,0,0,0,0,0,,
Moscow,provincial city,1891,June,"смерть насильственная, но род не определен",violent death,,4,0,4,0,1,0,1,0,0,0,1,0,0,1,1,0,0,0,0,,
Moscow,provincial city,1891,July,тиф сыпной,spotted fever,,5,0,5,0,0,0,0,0,0,0,1,1,1,2,0,0,0,0,0,,
Moscow,provincial city,1891,July,тиф брюшной,enteric fever,,20,10,30,4,0,0,0,1,0,1,1,17,5,4,0,0,1,0,0,,
Moscow,provincial city,1891,July,возвратная горячка,fever,,0,0,0,0,0,0,0,0,0,0,0,0,0,0,0,0,0,0,0,,
Moscow,provincial city,1891,July,тиф без означения формы,typhus,,1,4,5,2,0,0,0,0,0,0,0,0,1,1,1,1,1,0,0,,
Moscow,provincial city,1891,July,послеродовая горячка,puerperal fever,,0,8,8,0,0,0,0,0,0,0,0,3,2,3,0,0,0,0,0,,
Moscow,provincial city,1891,July,перемежающаяся лихорадка,remittent fever,,0,0,0,0,0,0,0,0,0,0,0,0,0,0,0,0,0,0,0,,
Moscow,provincial city,1891,July,оспа,smallpox,,1,5,6,0,0,1,2,3,0,0,0,0,0,0,0,0,0,0,0,,
Moscow,provincial city,1891,July,скарлатина,scarlet fever,,14,10,24,0,2,0,0,11,10,2,1,0,0,0,0,0,0,0,0,,
Moscow,provincial city,1891,July,корь,measles,,9,10,19,1,2,2,6,10,1,0,0,0,0,0,0,0,0,0,0,,
Moscow,provincial city,1891,July,кровавый понос,bloody diarrhoea,,51,32,83,8,1,6,7,11,2,3,3,11,7,6,14,7,6,0,0,,
Moscow,provincial city,1891,July,дифтерит,pseudomembranous inflammation,,13,9,22,2,0,1,3,11,4,1,1,1,0,0,0,0,0,0,0,,
Moscow,provincial city,1891,July,круп,croup,yes,1,2,3,0,0,0,0,2,1,0,0,0,0,0,0,0,0,0,0,,
Moscow,provincial city,1891,July,крупозная пневмония,pulmonic fever,yes,63,73,136,5,1,1,3,1,2,3,17,30,24,27,15,9,1,0,0,,
Moscow,provincial city,1891,July,холера,cholera,,0,0,0,0,0,0,0,0,0,0,0,0,0,0,0,0,0,0,0,,
Moscow,provincial city,1891,July,цереброспин. Менингит,spotted fever,,0,0,0,0,0,0,0,0,0,0,0,0,0,0,0,0,0,0,0,,
Moscow,provincial city,1891,July,коклюш,whooping-cough,yes,5,5,10,0,0,5,1,4,0,0,0,0,0,0,0,0,0,0,0,,
Moscow,provincial city,1891,July,сифилис,syphilis,,2,2,4,1,0,2,0,0,0,0,0,2,0,0,0,0,0,0,0,,
Moscow,provincial city,1891,July,водобоязнь,rabies,,0,0,0,0,0,0,0,0,0,0,0,0,0,0,0,0,0,0,0,,
Moscow,provincial city,1891,July,сибирская язва,Siberian plague / anthrax,,0,0,0,0,0,0,0,0,0,0,0,0,0,0,0,0,0,0,0,,
Moscow,provincial city,1891,July,сап,glanders,,0,0,0,0,0,0,0,0,0,0,0,0,0,0,0,0,0,0,0,,
Moscow,provincial city,1891,July,рожа,wildfire,,2,2,4,0,0,1,0,0,0,0,0,0,0,1,1,1,0,0,0,,
Moscow,provincial city,1891,July,пиэмия,pyemia,,2,2,4,1,0,0,0,0,1,0,0,0,0,1,1,1,0,0,0,,
Moscow,provincial city,1891,July,септицемия,septicaemia,,20,17,37,0,0,35,0,0,0,0,0,0,1,1,0,0,0,0,0,,
Moscow,provincial city,1891,July,малокровие и хлороз,anemia,,2,0,2,1,0,1,0,0,0,0,0,1,0,0,0,0,0,0,0,,
Moscow,provincial city,1891,July,белокровие,leukemia,,0,0,0,0,0,0,0,0,0,0,0,0,0,0,0,0,0,0,0,,
Moscow,provincial city,1891,July,золотуха,scrofula,,0,1,1,0,0,0,0,0,0,1,0,0,0,0,0,0,0,0,0,,
Moscow,provincial city,1891,July,английская болезнь,english disease,,6,11,17,0,0,0,4,12,1,0,0,0,0,0,0,0,0,0,0,,
Moscow,provincial city,1891,July,острый туберкулез,tuberculosis,,1,2,3,1,0,1,0,0,0,1,0,1,0,0,0,0,0,0,0,,
Moscow,provincial city,1891,July,сахарное мочеизнурение,diabetes,,0,1,1,0,0,0,0,0,0,0,1,0,0,0,0,0,0,0,0,,
Moscow,provincial city,1891,July,подагра,gout,,0,0,0,0,0,0,0,0,0,0,0,0,0,0,0,0,0,0,0,,
Moscow,provincial city,1891,July,ревматизм,rheumatism,,0,1,1,0,0,0,0,0,0,0,0,0,0,0,1,0,0,0,0,,
Moscow,provincial city,1891,July,скорбут,scurvy,,8,0,8,0,7,0,0,0,0,0,0,2,1,2,2,1,0,0,0,,
Moscow,provincial city,1891,July,верлгофова болезнь,disease vergola,,0,0,0,0,0,0,0,0,0,0,0,0,0,0,0,0,0,0,0,,
Moscow,provincial city,1891,July,гемофилия,hemophilia,,0,0,0,0,0,0,0,0,0,0,0,0,0,0,0,0,0,0,0,,
Moscow,provincial city,1891,July,алкоголизм,alcoholism,,7,1,8,1,0,0,0,0,0,0,0,1,4,2,1,0,0,0,0,,
Moscow,provincial city,1891,July,рак,cancer,,20,39,59,2,0,0,0,0,0,0,0,1,2,13,16,20,6,1,0,,
Moscow,provincial city,1891,July,прочие злокачеств. опухоли,other malignant tumor,,2,3,5,1,0,0,0,0,1,0,0,0,1,3,0,0,0,0,0,,
Moscow,provincial city,1891,July,болезни нервной системы,diseases of the nervous system,,63,61,124,4,0,21,3,16,3,3,2,12,7,13,15,15,10,3,1,,
Moscow,provincial city,1891,July,болезни кровеносной системы,blood disease,,52,55,107,4,0,2,0,0,1,1,1,5,9,13,21,44,9,1,0,,
Moscow,provincial city,1891,July,болезни дыхат. Органов,respiratory disease,yes,273,209,482,5,4,250,35,59,4,3,4,14,22,19,18,32,17,5,0,,
Moscow,provincial city,1891,July,чахотка легких,pulmonary tuberculosis,yes,237,133,370,22,21,0,0,5,4,2,19,97,83,70,45,36,9,0,0,,
Moscow,provincial city,1891,July,болезни пищеварит. Органов,diseases of the digestive organs,,26,19,45,3,0,4,1,1,2,1,1,5,8,8,9,5,0,0,0,,
Moscow,provincial city,1891,July,желудочно-кишечный катар,gastro-intestinal infection,yes,685,597,1282,12,4,729,344,181,0,1,0,3,2,5,8,8,1,0,0,,
Moscow,provincial city,1891,July,болезни мочевых органов,urinary tract diseases,,31,10,41,5,0,0,0,1,0,0,1,7,2,12,8,8,2,0,0,,
Moscow,provincial city,1891,July,болезни половых орагнов,diseases of the genitals,,0,1,1,0,0,0,0,0,0,0,0,0,0,0,1,0,0,0,0,,
Moscow,provincial city,1891,July,"болезни костей, суставов и мышц ",bone disease,,2,4,6,0,0,0,0,0,0,0,0,1,1,0,0,1,2,1,0,,
Moscow,provincial city,1891,July,болезни кожи и подкожной клечатки,skin disease,,6,2,8,0,0,0,1,0,0,0,0,1,0,1,4,0,1,0,0,,
Moscow,provincial city,1891,July,болезни лимфатических сосудов и желез,diseases of the lymphatic vessels,,2,1,3,0,0,0,1,0,0,0,0,0,1,0,1,0,0,0,0,,
Moscow,provincial city,1891,July,врожденная слабость,inherent weakness,,172,152,324,2,0,324,0,0,0,0,0,0,0,0,0,0,0,0,0,,
Moscow,provincial city,1891,July,старческая дряхлость,senile senility,,61,183,244,0,1,0,0,0,0,0,0,0,0,0,11,74,96,63,0,,
Moscow,provincial city,1891,July,врожденные пороки развития,congenital malformation,,1,1,2,0,0,2,0,0,0,0,0,0,0,0,0,0,0,0,0,,
Moscow,provincial city,1891,July,причина неизвестна,unknown reason,,49,19,68,5,0,22,0,0,0,0,2,8,9,8,13,5,0,0,1,,
Moscow,provincial city,1891,July,причина неточно определена,wrong reason,,9,11,20,0,0,3,0,1,1,0,0,2,0,2,3,7,1,0,0,,
Moscow,provincial city,1891,July,несчастные случаи,acciden,,7,1,8,1,0,0,0,1,1,0,0,3,0,1,2,0,0,0,0,,
Moscow,provincial city,1891,July,самоубийства,suicides,,7,1,8,1,0,0,0,0,0,0,0,6,0,1,1,0,0,0,0,,
Moscow,provincial city,1891,July,убийства,murders,,1,0,1,0,0,0,0,0,0,0,0,1,0,0,0,0,0,0,0,,
Moscow,provincial city,1891,July,прочие болезни,other disease,,0,0,0,0,0,0,0,0,0,0,0,0,0,0,0,0,0,0,0,,
Moscow,provincial city,1891,July,"смерть насильственная, но род не определен",violent death,,15,2,17,3,0,0,0,0,0,0,2,3,5,2,1,3,1,0,0,,
Moscow,provincial city,1891,August,тиф сыпной,spotted fever,,3,1,4,2,0,0,0,0,0,1,1,1,1,0,0,0,0,0,0,,
Moscow,provincial city,1891,August,тиф брюшной,enteric fever,,19,3,22,5,0,0,0,0,0,0,5,14,1,2,0,0,0,0,0,,
Moscow,provincial city,1891,August,возвратная горячка,fever,,0,0,0,0,0,0,0,0,0,0,0,0,0,0,0,0,0,0,0,,
Moscow,provincial city,1891,August,тиф без означения формы,typhus,,3,1,4,1,0,0,0,0,0,0,0,1,2,0,0,0,1,0,0,,
Moscow,provincial city,1891,August,послеродовая горячка,puerperal fever,,0,6,6,2,0,0,0,0,0,0,0,2,3,1,0,0,0,0,0,,
Moscow,provincial city,1891,August,перемежающаяся лихорадка,remittent fever,,0,0,0,0,0,0,0,0,0,0,0,0,0,0,0,0,0,0,0,,
Moscow,provincial city,1891,August,оспа,smallpox,,4,2,6,0,0,0,0,3,1,0,1,0,0,0,0,1,0,0,0,,
Moscow,provincial city,1891,August,скарлатина,scarlet fever,,13,11,24,3,2,0,3,14,5,2,0,0,0,0,0,0,0,0,0,,
Moscow,provincial city,1891,August,корь,measles,,6,6,12,0,1,0,2,8,1,1,0,0,0,0,0,0,0,0,0,,
Moscow,provincial city,1891,August,кровавый понос,bloody diarrhoea,,41,25,66,5,5,1,7,1,3,2,3,4,4,12,13,13,2,0,1,,
Moscow,provincial city,1891,August,дифтерит,pseudomembranous inflammation,,10,12,22,3,0,3,1,9,7,1,1,0,0,0,0,0,0,0,0,,
Moscow,provincial city,1891,August,круп,croup,yes,1,1,2,0,0,1,0,0,1,0,0,0,0,0,0,0,0,0,0,,
Moscow,provincial city,1891,August,крупозная пневмония,pulmonic fever,yes,27,26,53,4,2,1,2,2,1,1,4,4,9,13,8,6,1,1,0,,
Moscow,provincial city,1891,August,холера,cholera,,0,0,0,0,0,0,0,0,0,0,0,0,0,0,0,0,0,0,0,,
Moscow,provincial city,1891,August,цереброспин. Менингит,spotted fever,,0,0,0,0,0,0,0,0,0,0,0,0,0,0,0,0,0,0,0,,
Moscow,provincial city,1891,August,коклюш,whooping-cough,yes,4,5,9,0,0,2,5,2,0,0,0,0,0,0,0,0,0,0,0,,
Moscow,provincial city,1891,August,сифилис,syphilis,,2,1,3,0,0,2,0,0,0,0,0,0,1,0,0,0,0,0,0,,
Moscow,provincial city,1891,August,водобоязнь,rabies,,2,0,2,0,0,0,0,0,0,0,0,0,1,0,1,0,0,0,0,,
Moscow,provincial city,1891,August,сибирская язва,Siberian plague / anthrax,,0,1,1,0,0,0,0,0,0,0,0,0,0,0,0,1,0,0,0,,
Moscow,provincial city,1891,August,сап,glanders,,0,0,0,0,0,0,0,0,0,0,0,0,0,0,0,0,0,0,0,,
Moscow,provincial city,1891,August,рожа,wildfire,,6,2,8,0,0,0,0,0,0,0,0,2,1,1,1,1,2,0,0,,
Moscow,provincial city,1891,August,пиэмия,pyemia,,12,0,12,0,0,0,0,0,0,0,1,2,3,5,1,0,0,0,0,,
Moscow,provincial city,1891,August,септицемия,septicaemia,,7,6,13,0,0,11,0,0,0,0,0,0,0,1,1,0,0,0,0,,
Moscow,provincial city,1891,August,малокровие и хлороз,anemia,,1,2,3,0,0,1,0,0,0,0,0,1,1,0,0,0,0,0,0,,
Moscow,provincial city,1891,August,белокровие,leukemia,,0,0,0,0,0,0,0,0,0,0,0,0,0,0,0,0,0,0,0,,
Moscow,provincial city,1891,August,золотуха,scrofula,,1,2,3,0,0,1,1,1,0,0,0,0,0,0,0,0,0,0,0,,
Moscow,provincial city,1891,August,английская болезнь,english disease,,11,5,16,0,0,3,2,10,1,0,0,0,0,0,0,0,0,0,0,,
Moscow,provincial city,1891,August,острый туберкулез,tuberculosis,,8,6,14,0,0,3,2,3,2,2,1,1,0,0,0,0,0,0,0,,
Moscow,provincial city,1891,August,сахарное мочеизнурение,diabetes,,1,0,1,0,0,0,0,0,0,0,0,0,0,0,0,0,1,0,0,,
Moscow,provincial city,1891,August,подагра,gout,,0,0,0,0,0,0,0,0,0,0,0,0,0,0,0,0,0,0,0,,
Moscow,provincial city,1891,August,ревматизм,rheumatism,,0,1,1,0,0,0,0,0,0,0,0,1,0,0,0,0,0,0,0,,
Moscow,provincial city,1891,August,скорбут,scurvy,,2,0,2,2,0,0,0,0,0,0,0,2,0,0,0,0,0,0,0,,
Moscow,provincial city,1891,August,верлгофова болезнь,disease vergola,,0,0,0,0,0,0,0,0,0,0,0,0,0,0,0,0,0,0,0,,
Moscow,provincial city,1891,August,гемофилия,hemophilia,,0,0,0,0,0,0,0,0,0,0,0,0,0,0,0,0,0,0,0,,
Moscow,provincial city,1891,August,алкоголизм,alcoholism,,4,1,5,0,0,0,0,0,0,0,0,0,3,1,1,0,0,0,0,,
Moscow,provincial city,1891,August,рак,cancer,,23,35,58,2,0,0,0,0,0,0,0,0,4,9,18,18,9,0,0,,
Moscow,provincial city,1891,August,прочие злокачеств. опухоли,other malignant tumor,,1,0,1,0,0,0,0,0,0,0,0,0,0,0,1,0,0,0,0,,
Moscow,provincial city,1891,August,болезни нервной системы,diseases of the nervous system,,58,40,98,5,0,4,2,11,1,4,1,9,12,10,11,21,9,1,2,,
Moscow,provincial city,1891,August,болезни кровеносной системы,blood disease,,23,30,53,0,0,1,0,0,0,0,0,6,5,9,11,13,6,1,1,,
Moscow,provincial city,1891,August,болезни дыхат. Органов,respiratory disease,yes,147,149,296,8,4,143,29,50,2,1,3,5,8,10,12,21,10,2,0,,
Moscow,provincial city,1891,August,чахотка легких,pulmonary tuberculosis,yes,218,138,356,26,11,0,1,2,1,3,20,80,95,72,54,20,4,3,1,,
Moscow,provincial city,1891,August,болезни пищеварит. Органов,diseases of the digestive organs,,23,25,48,5,0,5,0,2,0,1,3,9,10,9,3,5,1,0,0,,
Moscow,provincial city,1891,August,желудочно-кишечный катар,gastro-intestinal infection,yes,340,299,639,6,2,286,174,157,3,1,0,4,2,2,6,3,1,0,0,,
Moscow,provincial city,1891,August,болезни мочевых органов,urinary tract diseases,,16,17,33,1,0,0,0,1,0,0,2,1,4,3,7,11,1,0,0,,
Moscow,provincial city,1891,August,болезни половых орагнов,diseases of the genitals,,0,1,1,1,0,0,0,0,0,0,0,0,1,0,0,0,0,0,0,,
Moscow,provincial city,1891,August,"болезни костей, суставов и мышц ",bone disease,,8,3,11,3,0,0,0,0,0,2,0,1,0,5,1,2,0,0,0,,
Moscow,provincial city,1891,August,болезни кожи и подкожной клечатки,skin disease,,4,2,6,1,0,0,0,0,1,0,0,1,0,1,1,1,1,0,0,,
Moscow,provincial city,1891,August,болезни лимфатических сосудов и желез,diseases of the lymphatic vessels,,1,1,2,1,0,0,0,1,0,0,0,0,0,0,1,0,0,0,0,,
Moscow,provincial city,1891,August,врожденная слабость,inherent weakness,,106,95,201,3,0,201,0,0,0,0,0,0,0,0,0,0,0,0,0,,
Moscow,provincial city,1891,August,старческая дряхлость,senile senility,,59,84,143,3,4,0,0,0,0,0,0,0,0,1,7,56,50,28,1,,
Moscow,provincial city,1891,August,врожденные пороки развития,congenital malformation,,0,1,1,0,0,1,0,0,0,0,0,0,0,0,0,0,0,0,0,,
Moscow,provincial city,1891,August,причина неизвестна,unknown reason,,30,14,44,1,0,3,2,0,0,0,1,3,13,6,8,5,1,1,1,,
Moscow,provincial city,1891,August,причина неточно определена,wrong reason,,14,15,29,1,0,3,0,1,0,1,0,3,2,5,2,7,5,0,0,,
Moscow,provincial city,1891,August,несчастные случаи,acciden,,17,8,25,0,0,0,0,4,3,1,3,6,6,1,0,0,0,1,0,,
Moscow,provincial city,1891,August,самоубийства,suicides,,6,2,8,1,0,0,0,0,0,0,1,3,0,3,1,0,0,0,0,,
Moscow,provincial city,1891,August,убийства,murders,,1,0,1,1,0,0,0,0,0,0,0,1,0,0,0,0,0,0,0,,
Moscow,provincial city,1891,August,прочие болезни,other disease,,0,0,0,0,0,0,0,0,0,0,0,0,0,0,0,0,0,0,0,,
Moscow,provincial city,1891,August,"смерть насильственная, но род не определен",violent death,,1,3,4,0,0,0,0,0,0,0,0,0,0,2,0,2,0,0,0,,
Moscow,provincial city,1891,September,тиф сыпной,spotted fever,,1,0,1,0,0,0,0,0,0,0,0,0,1,0,0,0,0,0,0,,
Moscow,provincial city,1891,September,тиф брюшной,enteric fever,,19,7,26,2,0,0,0,0,0,0,1,11,7,3,4,0,0,0,0,,
Moscow,provincial city,1891,September,возвратная горячка,fever,,2,0,2,0,0,0,0,0,0,0,0,2,0,0,0,0,0,0,0,,
Moscow,provincial city,1891,September,тиф без означения формы,typhus,,2,1,3,2,0,0,0,0,0,0,0,1,0,0,1,1,0,0,0,,
Moscow,provincial city,1891,September,послеродовая горячка,puerperal fever,,0,4,4,0,0,0,0,0,0,0,0,2,2,0,0,0,0,0,0,,
Moscow,provincial city,1891,September,перемежающаяся лихорадка,remittent fever,,0,0,0,0,0,0,0,0,0,0,0,0,0,0,0,0,0,0,0,,
Moscow,provincial city,1891,September,оспа,smallpox,,5,1,6,0,0,0,1,2,0,0,0,3,0,0,0,0,0,0,0,,
Moscow,provincial city,1891,September,скарлатина,scarlet fever,,26,20,46,0,0,0,1,22,15,6,1,0,0,1,0,0,0,0,0,,
Moscow,provincial city,1891,September,корь,measles,,0,2,2,0,0,0,0,2,0,0,0,0,0,0,0,0,0,0,0,,
Moscow,provincial city,1891,September,кровавый понос,bloody diarrhoea,,16,10,26,1,2,0,1,5,1,0,0,2,1,5,6,2,3,0,0,,
Moscow,provincial city,1891,September,дифтерит,pseudomembranous inflammation,,17,21,38,2,1,1,6,14,11,3,1,0,0,0,1,0,1,0,0,,
Moscow,provincial city,1891,September,круп,croup,yes,3,3,6,0,0,0,1,4,1,0,0,0,0,0,0,0,0,0,0,,
Moscow,provincial city,1891,September,крупозная пневмония,pulmonic fever,yes,19,24,43,1,2,0,0,1,0,0,3,4,7,8,8,9,3,0,0,,
Moscow,provincial city,1891,September,холера,cholera,,0,0,0,0,0,0,0,0,0,0,0,0,0,0,0,0,0,0,0,,
Moscow,provincial city,1891,September,цереброспин. Менингит,spotted fever,,0,0,0,0,0,0,0,0,0,0,0,0,0,0,0,0,0,0,0,,
Moscow,provincial city,1891,September,коклюш,whooping-cough,yes,4,2,6,0,0,2,2,2,0,0,0,0,0,0,0,0,0,0,0,,
Moscow,provincial city,1891,September,сифилис,syphilis,,2,1,3,0,0,3,0,0,0,0,0,0,0,0,0,0,0,0,0,,
Moscow,provincial city,1891,September,водобоязнь,rabies,,2,0,2,2,0,0,0,1,0,0,0,0,0,0,0,0,0,0,1,,
Moscow,provincial city,1891,September,сибирская язва,Siberian plague / anthrax,,2,3,5,2,0,0,0,0,0,1,1,2,1,0,0,0,0,0,0,,
Moscow,provincial city,1891,September,сап,glanders,,0,0,0,0,0,0,0,0,0,0,0,0,0,0,0,0,0,0,0,,
Moscow,provincial city,1891,September,рожа,wildfire,,2,5,7,0,0,2,1,0,0,0,0,0,1,1,0,1,1,0,0,,
Moscow,provincial city,1891,September,пиэмия,pyemia,,4,3,7,2,0,0,0,0,0,0,0,2,1,0,2,1,1,0,0,,
Moscow,provincial city,1891,September,септицемия,septicaemia,,5,6,11,0,0,10,0,0,0,0,0,0,1,0,0,0,0,0,0,,
Moscow,provincial city,1891,September,малокровие и хлороз,anemia,,1,3,4,2,0,1,0,0,0,0,0,1,1,1,0,0,0,0,0,,
Moscow,provincial city,1891,September,белокровие,leukemia,,0,0,0,0,0,0,0,0,0,0,0,0,0,0,0,0,0,0,0,,
Moscow,provincial city,1891,September,золотуха,scrofula,,0,0,0,0,0,0,0,0,0,0,0,0,0,0,0,0,0,0,0,,
Moscow,provincial city,1891,September,английская болезнь,english disease,,3,4,7,0,0,0,1,5,1,0,0,0,0,0,0,0,0,0,0,,
Moscow,provincial city,1891,September,острый туберкулез,tuberculosis,,2,1,3,0,0,0,0,1,0,0,0,1,0,0,1,0,0,0,0,,
Moscow,provincial city,1891,September,сахарное мочеизнурение,diabetes,,0,0,0,0,0,0,0,0,0,0,0,0,0,0,0,0,0,0,0,,
Moscow,provincial city,1891,September,подагра,gout,,1,0,1,0,0,0,0,0,0,0,0,0,0,0,0,0,1,0,0,,
Moscow,provincial city,1891,September,ревматизм,rheumatism,,1,1,2,0,0,0,0,0,0,0,0,0,0,0,0,1,0,0,1,,
Moscow,provincial city,1891,September,скорбут,scurvy,,1,0,1,1,0,0,0,0,0,0,0,1,0,0,0,0,0,0,0,,
Moscow,provincial city,1891,September,верлгофова болезнь,disease vergola,,0,1,1,0,0,0,0,0,1,0,0,0,0,0,0,0,0,0,0,,
Moscow,provincial city,1891,September,гемофилия,hemophilia,,0,0,0,0,0,0,0,0,0,0,0,0,0,0,0,0,0,0,0,,
Moscow,provincial city,1891,September,алкоголизм,alcoholism,,7,3,10,0,0,0,0,0,0,0,0,4,2,1,3,0,0,0,0,,
Moscow,provincial city,1891,September,рак,cancer,,31,40,71,5,2,0,0,0,0,0,0,3,4,20,19,16,9,0,0,,
Moscow,provincial city,1891,September,прочие злокачеств. опухоли,other malignant tumor,,1,3,4,1,0,1,0,1,0,0,0,0,1,1,0,0,0,0,0,,
Moscow,provincial city,1891,September,болезни нервной системы,diseases of the nervous system,,58,32,90,4,0,8,4,14,4,2,2,5,7,10,14,11,9,0,0,,
Moscow,provincial city,1891,September,болезни кровеносной системы,blood disease,,36,34,70,4,0,3,0,0,1,1,1,2,12,16,10,17,5,2,0,,
Moscow,provincial city,1891,September,болезни дыхат. Органов,respiratory disease,yes,114,129,243,8,0,119,23,53,3,0,0,6,6,7,9,10,5,2,0,,
Moscow,provincial city,1891,September,чахотка легких,pulmonary tuberculosis,yes,178,105,283,16,12,0,1,3,2,20,0,60,64,61,38,24,8,1,1,,
Moscow,provincial city,1891,September,болезни пищеварит. Органов,diseases of the digestive organs,,19,27,46,1,0,10,0,0,1,1,0,9,5,5,10,4,1,0,0,,
Moscow,provincial city,1891,September,желудочно-кишечный катар,gastro-intestinal infection,yes,163,134,297,9,1,132,71,69,1,0,1,4,5,6,4,3,1,0,0,,
Moscow,provincial city,1891,September,болезни мочевых органов,urinary tract diseases,,19,16,35,4,0,0,0,1,0,0,2,4,7,6,10,3,1,1,0,,
Moscow,provincial city,1891,September,болезни половых орагнов,diseases of the genitals,,0,4,4,1,0,0,0,0,0,0,0,0,2,1,1,0,0,0,0,,
Moscow,provincial city,1891,September,"болезни костей, суставов и мышц ",bone disease,,5,5,10,1,0,0,0,1,2,1,0,1,1,1,0,1,2,0,0,,
Moscow,provincial city,1891,September,болезни кожи и подкожной клечатки,skin disease,,2,2,4,1,0,0,0,0,1,0,0,1,0,1,1,0,0,0,0,,
Moscow,provincial city,1891,September,болезни лимфатических сосудов и желез,diseases of the lymphatic vessels,,1,0,1,0,0,0,0,1,0,0,0,0,0,0,0,0,0,0,0,,
Moscow,provincial city,1891,September,врожденная слабость,inherent weakness,,84,94,178,0,1,178,0,0,0,0,0,0,0,0,0,0,0,0,0,,
Moscow,provincial city,1891,September,старческая дряхлость,senile senility,,46,97,143,0,0,0,0,0,0,0,0,0,0,0,7,51,57,28,0,,
Moscow,provincial city,1891,September,врожденные пороки развития,congenital malformation,,0,0,0,0,0,0,0,0,0,0,0,0,0,0,0,0,0,0,0,,
Moscow,provincial city,1891,September,причина неизвестна,unknown reason,,44,24,68,3,0,22,0,1,0,0,0,5,12,11,10,5,1,0,1,,
Moscow,provincial city,1891,September,причина неточно определена,wrong reason,,9,6,15,1,0,1,1,0,0,0,0,0,0,2,3,5,3,0,0,,
Moscow,provincial city,1891,September,несчастные случаи,acciden,,3,4,7,0,0,0,1,0,1,1,0,3,0,0,0,0,1,0,0,,
Moscow,provincial city,1891,September,самоубийства,suicides,,7,1,8,1,0,0,0,0,0,0,1,4,1,1,0,1,0,0,0,,
Moscow,provincial city,1891,September,убийства,murders,,1,0,1,0,0,0,0,0,0,0,0,0,0,1,0,0,0,0,0,,
Moscow,provincial city,1891,September,прочие болезни,other disease,,0,1,1,0,0,0,0,0,0,0,0,1,0,0,0,0,0,0,0,,
Moscow,provincial city,1891,September,"смерть насильственная, но род не определен",violent death,,5,0,5,2,0,0,0,1,0,0,0,0,4,0,0,0,0,0,0,,
Moscow,provincial city,1891,October,тиф сыпной,spotted fever,,5,0,5,0,0,0,0,0,0,0,0,1,3,1,0,0,0,0,0,,
Moscow,provincial city,1891,October,тиф брюшной,enteric fever,,14,6,20,4,0,0,0,0,0,1,5,4,5,5,0,0,0,0,0,,
Moscow,provincial city,1891,October,возвратная горячка,fever,,0,0,0,0,0,0,0,0,0,0,0,0,0,0,0,0,0,0,0,,
Moscow,provincial city,1891,October,тиф без означения формы,typhus,,1,1,2,0,0,0,0,0,0,0,0,1,0,1,0,0,0,0,0,,
Moscow,provincial city,1891,October,послеродовая горячка,puerperal fever,,0,8,8,2,0,0,0,0,0,0,0,4,4,0,0,0,0,0,0,,
Moscow,provincial city,1891,October,перемежающаяся лихорадка,remittent fever,,0,0,0,0,0,0,0,0,0,0,0,0,0,0,0,0,0,0,0,,
Moscow,provincial city,1891,October,оспа,smallpox,,5,5,10,0,0,0,2,3,0,1,2,1,0,0,0,1,0,0,0,,
Moscow,provincial city,1891,October,скарлатина,scarlet fever,,34,30,64,0,0,2,3,33,21,2,3,0,0,0,0,0,0,0,0,,
Moscow,provincial city,1891,October,корь,measles,,11,8,19,0,2,0,3,15,1,0,0,0,0,0,0,0,0,0,0,,
Moscow,provincial city,1891,October,кровавый понос,bloody diarrhoea,,10,2,12,0,2,1,0,0,3,0,0,1,1,2,3,0,1,0,0,,
Moscow,provincial city,1891,October,дифтерит,pseudomembranous inflammation,,24,25,49,0,1,6,2,22,13,3,2,1,0,0,0,0,0,0,0,,
Moscow,provincial city,1891,October,круп,croup,yes,3,1,4,0,1,0,2,1,1,0,0,0,0,0,0,0,0,0,0,,
Moscow,provincial city,1891,October,крупозная пневмония,pulmonic fever,yes,24,31,55,2,0,2,0,1,0,1,1,4,7,11,11,15,2,0,0,,
Moscow,provincial city,1891,October,холера,cholera,,0,0,0,0,0,0,0,0,0,0,0,0,0,0,0,0,0,0,0,,
Moscow,provincial city,1891,October,цереброспин. Менингит,spotted fever,,0,0,0,0,0,0,0,0,0,0,0,0,0,0,0,0,0,0,0,,
Moscow,provincial city,1891,October,коклюш,whooping-cough,yes,2,5,7,0,0,3,0,4,0,0,0,0,0,0,0,0,0,0,0,,
Moscow,provincial city,1891,October,сифилис,syphilis,,3,0,3,0,0,1,1,0,0,0,0,0,0,1,0,0,0,0,0,,
Moscow,provincial city,1891,October,водобоязнь,rabies,,1,0,1,1,0,0,0,1,0,0,0,0,0,0,0,0,0,0,0,,
Moscow,provincial city,1891,October,сибирская язва,Siberian plague / anthrax,,0,0,0,0,0,0,0,0,0,0,0,0,0,0,0,0,0,0,0,,
Moscow,provincial city,1891,October,сап,glanders,,0,0,0,0,0,0,0,0,0,0,0,0,0,0,0,0,0,0,0,,
Moscow,provincial city,1891,October,рожа,wildfire,,3,6,9,2,0,5,0,0,0,0,0,0,0,2,0,1,1,0,0,,
Moscow,provincial city,1891,October,пиэмия,pyemia,,5,1,6,0,0,0,0,1,0,0,2,1,1,1,0,0,0,0,0,,
Moscow,provincial city,1891,October,септицемия,septicaemia,,9,4,13,0,0,12,0,0,0,0,0,1,2,1,0,0,0,0,0,,
Moscow,provincial city,1891,October,малокровие и хлороз,anemia,,1,2,3,0,0,0,0,0,0,0,0,0,0,0,0,0,0,0,0,,
Moscow,provincial city,1891,October,белокровие,leukemia,,0,0,0,0,0,0,0,0,0,0,0,0,0,0,0,0,0,0,0,,
Moscow,provincial city,1891,October,золотуха,scrofula,,2,1,3,0,0,0,0,3,0,0,0,0,0,0,0,0,0,0,0,,
Moscow,provincial city,1891,October,английская болезнь,english disease,,4,8,12,0,0,2,2,8,0,0,0,0,0,0,0,0,0,0,0,,
Moscow,provincial city,1891,October,острый туберкулез,tuberculosis,,3,1,4,1,0,0,0,0,0,0,2,2,0,0,0,0,0,0,0,,
Moscow,provincial city,1891,October,сахарное мочеизнурение,diabetes,,1,0,1,0,0,0,0,0,0,0,0,0,0,0,0,1,0,0,0,,
Moscow,provincial city,1891,October,подагра,gout,,0,0,0,0,0,0,0,0,0,0,0,0,0,0,0,0,0,0,0,,
Moscow,provincial city,1891,October,ревматизм,rheumatism,,0,1,1,0,0,0,0,0,1,0,0,0,0,0,0,0,0,0,0,,
Moscow,provincial city,1891,October,скорбут,scurvy,,0,0,0,0,0,0,0,0,0,0,0,0,0,0,0,0,0,0,0,,
Moscow,provincial city,1891,October,верлгофова болезнь,disease vergola,,0,0,0,0,0,0,0,0,0,0,0,0,0,0,0,0,0,0,0,,
Moscow,provincial city,1891,October,гемофилия,hemophilia,,0,0,0,0,0,0,0,0,0,0,0,0,0,0,0,0,0,0,0,,
Moscow,provincial city,1891,October,алкоголизм,alcoholism,,8,1,9,0,0,0,0,0,0,0,0,1,3,2,2,0,0,0,1,,
Moscow,provincial city,1891,October,рак,cancer,,22,32,54,6,0,0,0,0,0,0,0,1,5,13,15,15,5,0,0,,
Moscow,provincial city,1891,October,прочие злокачеств. опухоли,other malignant tumor,,3,1,4,1,0,0,0,1,0,0,0,1,0,0,1,1,0,0,0,,
Moscow,provincial city,1891,October,болезни нервной системы,diseases of the nervous system,,72,51,123,2,1,16,4,13,3,4,7,5,15,12,12,20,9,2,1,,
Moscow,provincial city,1891,October,болезни кровеносной системы,blood disease,,49,45,94,4,1,5,1,3,0,3,1,8,13,11,19,22,8,0,0,,
Moscow,provincial city,1891,October,болезни дыхат. Органов,respiratory disease,yes,123,131,254,3,3,88,30,69,2,0,0,3,4,4,22,21,6,1,0,,
Moscow,provincial city,1891,October,чахотка легких,pulmonary tuberculosis,yes,202,113,315,22,9,0,0,5,1,2,10,71,76,65,53,28,3,1,0,,
Moscow,provincial city,1891,October,болезни пищеварит. Органов,diseases of the digestive organs,,28,19,47,5,0,8,1,1,0,0,0,11,6,4,10,4,1,1,0,,
Moscow,provincial city,1891,October,желудочно-кишечный катар,gastro-intestinal infection,yes,93,71,164,3,0,86,24,38,5,0,0,1,1,3,4,2,0,0,0,,
Moscow,provincial city,1891,October,болезни мочевых органов,urinary tract diseases,,18,23,41,5,0,0,0,1,3,0,0,9,5,12,7,3,1,0,0,,
Moscow,provincial city,1891,October,болезни половых орагнов,diseases of the genitals,,0,4,4,0,0,0,0,0,0,0,0,0,2,0,2,0,0,0,0,,
Moscow,provincial city,1891,October,"болезни костей, суставов и мышц ",bone disease,,1,2,3,1,0,0,0,0,0,0,0,1,1,1,0,0,0,0,0,,
Moscow,provincial city,1891,October,болезни кожи и подкожной клечатки,skin disease,,0,2,2,0,0,0,0,0,0,0,0,0,0,1,0,1,0,0,0,,
Moscow,provincial city,1891,October,болезни лимфатических сосудов и желез,diseases of the lymphatic vessels,,0,0,0,0,0,0,0,0,0,0,0,0,0,0,0,0,0,0,0,,
Moscow,provincial city,1891,October,врожденная слабость,inherent weakness,,83,64,147,1,0,147,0,0,0,0,0,0,0,0,0,0,0,0,0,,
Moscow,provincial city,1891,October,старческая дряхлость,senile senility,,37,80,117,1,0,0,0,0,0,0,0,0,0,1,8,44,49,15,0,,
Moscow,provincial city,1891,October,врожденные пороки развития,congenital malformation,,4,4,8,0,0,8,0,0,0,0,0,0,0,0,0,0,0,0,0,,
Moscow,provincial city,1891,October,причина неизвестна,unknown reason,,42,19,61,4,0,14,0,0,1,0,0,6,7,6,12,11,3,1,0,,
Moscow,provincial city,1891,October,причина неточно определена,wrong reason,,8,9,17,1,0,0,1,1,0,0,0,0,2,5,1,5,2,0,0,,
Moscow,provincial city,1891,October,несчастные случаи,acciden,,5,2,7,2,0,0,0,2,0,0,0,3,2,0,0,0,0,0,0,,
Moscow,provincial city,1891,October,самоубийства,suicides,,4,1,5,0,0,0,0,0,0,0,1,1,1,1,1,0,0,0,0,,
Moscow,provincial city,1891,October,убийства,murders,,0,0,0,0,0,0,0,0,0,0,0,0,0,0,0,0,0,0,0,,
Moscow,provincial city,1891,October,прочие болезни,other disease,,0,1,1,0,0,0,0,0,0,0,0,1,0,0,0,0,0,0,0,,
Moscow,provincial city,1891,October,"смерть насильственная, но род не определен",violent death,,10,3,13,2,0,0,0,0,0,0,1,2,1,5,3,1,0,0,0,,
Moscow,provincial city,1891,November,тиф сыпной,spotted fever,,8,1,9,0,1,0,0,0,0,0,1,2,1,2,2,1,0,0,0,,
Moscow,provincial city,1891,November,тиф брюшной,enteric fever,,9,5,14,0,0,0,0,0,0,0,5,5,1,3,0,0,0,0,0,,
Moscow,provincial city,1891,November,возвратная горячка,fever,,0,0,0,0,0,0,0,0,0,0,0,0,0,0,0,0,0,0,0,,
Moscow,provincial city,1891,November,тиф без означения формы,typhus,,4,2,6,0,0,0,0,0,1,0,3,0,0,1,0,1,0,0,0,,
Moscow,provincial city,1891,November,послеродовая горячка,puerperal fever,,0,14,14,1,0,0,0,0,0,0,1,10,3,0,0,0,0,0,0,,
Moscow,provincial city,1891,November,перемежающаяся лихорадка,remittent fever,,0,0,0,0,0,0,0,0,0,0,0,0,0,0,0,0,0,0,0,,
Moscow,provincial city,1891,November,оспа,smallpox,,6,19,25,0,1,3,3,3,2,1,0,3,1,0,0,0,0,0,0,,
Moscow,provincial city,1891,November,скарлатина,scarlet fever,,27,24,51,2,0,0,2,28,14,5,1,1,0,0,0,0,0,0,0,,
Moscow,provincial city,1891,November,корь,measles,,18,13,31,1,0,0,6,21,2,2,0,0,0,0,0,0,0,0,0,,
Moscow,provincial city,1891,November,кровавый понос,bloody diarrhoea,,2,2,4,0,0,1,0,3,0,0,0,0,0,0,0,0,0,0,0,,
Moscow,provincial city,1891,November,дифтерит,pseudomembranous inflammation,,14,15,29,2,0,1,0,14,8,3,1,2,0,0,0,0,0,0,0,,
Moscow,provincial city,1891,November,круп,croup,yes,5,5,10,0,0,0,3,1,4,2,0,0,0,0,0,0,0,0,0,,
Moscow,provincial city,1891,November,крупозная пневмония,pulmonic fever,yes,44,41,85,3,2,0,1,5,2,0,0,8,10,12,18,15,12,2,0,,
Moscow,provincial city,1891,November,холера,cholera,,0,0,0,0,0,0,0,0,0,0,0,0,0,0,0,0,0,0,0,,
Moscow,provincial city,1891,November,цереброспин. Менингит,spotted fever,,0,0,0,0,0,0,0,0,0,0,0,0,0,0,0,0,0,0,0,,
Moscow,provincial city,1891,November,коклюш,whooping-cough,yes,2,3,5,0,0,2,0,0,0,0,0,0,0,0,0,0,0,0,0,,
Moscow,provincial city,1891,November,сифилис,syphilis,,0,1,1,0,0,1,0,0,0,0,0,0,0,0,0,0,0,0,0,,
Moscow,provincial city,1891,November,водобоязнь,rabies,,0,0,0,0,0,0,0,0,0,0,0,0,0,0,0,0,0,0,0,,
Moscow,provincial city,1891,November,сибирская язва,Siberian plague / anthrax,,0,0,0,0,0,0,0,0,0,0,0,0,0,0,0,0,0,0,0,,
Moscow,provincial city,1891,November,сап,glanders,,1,0,1,0,0,0,0,0,0,0,0,0,0,1,0,0,0,0,0,,
Moscow,provincial city,1891,November,рожа,wildfire,,4,3,7,0,0,1,1,0,0,0,0,1,1,1,1,1,0,0,0,,
Moscow,provincial city,1891,November,пиэмия,pyemia,,1,2,3,0,0,0,0,0,0,0,0,2,1,0,0,0,0,0,0,,
Moscow,provincial city,1891,November,септицемия,septicaemia,,8,4,12,0,0,11,0,0,0,0,0,0,0,1,0,0,0,0,0,,
Moscow,provincial city,1891,November,малокровие и хлороз,anemia,,0,3,3,0,0,0,0,0,0,0,1,1,1,0,0,0,0,0,0,,
Moscow,provincial city,1891,November,белокровие,leukemia,,0,0,0,0,0,0,0,0,0,0,0,0,0,0,0,0,0,0,0,,
Moscow,provincial city,1891,November,золотуха,scrofula,,2,1,3,0,0,1,1,1,0,0,0,0,0,0,0,0,0,0,0,,
Moscow,provincial city,1891,November,английская болезнь,english disease,,7,5,12,0,0,1,1,10,0,0,0,0,0,0,0,0,0,0,0,,
Moscow,provincial city,1891,November,острый туберкулез,tuberculosis,,2,1,3,0,0,0,0,0,2,0,0,0,1,0,0,0,0,0,0,,
Moscow,provincial city,1891,November,сахарное мочеизнурение,diabetes,,2,0,2,0,0,0,0,0,0,0,1,1,0,0,0,0,0,0,0,,
Moscow,provincial city,1891,November,подагра,gout,,0,0,0,0,0,0,0,0,0,0,0,0,0,0,0,0,0,0,0,,
Moscow,provincial city,1891,November,ревматизм,rheumatism,,0,2,2,0,0,0,0,0,0,0,0,1,0,0,0,1,0,0,0,,
Moscow,provincial city,1891,November,скорбут,scurvy,,0,0,0,0,0,0,0,0,0,0,0,0,0,0,0,0,0,0,0,,
Moscow,provincial city,1891,November,верлгофова болезнь,disease vergola,,0,0,0,0,0,0,0,0,0,0,0,0,0,0,0,0,0,0,0,,
Moscow,provincial city,1891,November,гемофилия,hemophilia,,0,0,0,0,0,0,0,0,0,0,0,0,0,0,0,0,0,0,0,,
Moscow,provincial city,1891,November,алкоголизм,alcoholism,,10,1,11,0,0,0,0,0,0,0,0,5,4,2,0,0,0,0,0,,
Moscow,provincial city,1891,November,рак,cancer,,26,32,58,4,0,0,0,0,0,0,0,3,7,16,20,9,3,0,0,,
Moscow,provincial city,1891,November,прочие злокачеств. опухоли,other malignant tumor,,4,5,9,3,0,0,0,0,0,1,0,0,3,2,3,0,0,0,0,,
Moscow,provincial city,1891,November,болезни нервной системы,diseases of the nervous system,,62,63,125,4,1,12,10,15,2,1,2,6,12,19,18,18,8,2,0,,
Moscow,provincial city,1891,November,болезни кровеносной системы,blood disease,,41,42,83,2,0,5,0,0,0,2,3,6,12,10,16,20,9,0,0,,
Moscow,provincial city,1891,November,болезни дыхат. Органов,respiratory disease,yes,167,131,298,7,4,86,42,69,6,1,2,7,5,14,18,31,17,0,0,,
Moscow,provincial city,1891,November,чахотка легких,pulmonary tuberculosis,yes,244,117,361,15,11,0,0,5,1,2,19,84,95,78,44,28,2,2,1,,
Moscow,provincial city,1891,November,болезни пищеварит. Органов,diseases of the digestive organs,,30,17,47,6,2,8,1,1,0,1,4,10,8,8,4,1,1,0,0,,
Moscow,provincial city,1891,November,желудочно-кишечный катар,gastro-intestinal infection,yes,79,66,145,0,0,88,15,29,2,0,0,0,0,2,5,4,0,0,0,,
Moscow,provincial city,1891,November,болезни мочевых органов,urinary tract diseases,,26,11,37,2,0,0,0,1,0,1,2,6,5,9,7,3,3,0,0,,
Moscow,provincial city,1891,November,болезни половых орагнов,diseases of the genitals,,0,5,5,1,0,0,0,0,0,0,0,1,3,0,1,0,0,0,0,,
Moscow,provincial city,1891,November,"болезни костей, суставов и мышц ",bone disease,,8,2,10,2,0,0,0,0,2,0,0,3,1,1,3,0,0,0,0,,
Moscow,provincial city,1891,November,болезни кожи и подкожной клечатки,skin disease,,4,2,6,0,0,0,0,0,0,1,0,0,1,4,0,0,0,0,0,,
Moscow,provincial city,1891,November,болезни лимфатических сосудов и желез,diseases of the lymphatic vessels,,0,0,0,0,0,0,0,0,0,0,0,0,0,0,0,0,0,0,0,,
Moscow,provincial city,1891,November,врожденная слабость,inherent weakness,,75,59,134,1,0,132,1,1,0,0,0,0,0,0,0,0,0,0,0,,
Moscow,provincial city,1891,November,старческая дряхлость,senile senility,,43,88,131,1,1,0,0,0,0,0,0,0,0,0,4,46,57,24,0,,
Moscow,provincial city,1891,November,врожденные пороки развития,congenital malformation,,2,0,2,0,0,2,0,0,0,0,0,0,0,0,0,0,0,0,0,,
Moscow,provincial city,1891,November,причина неизвестна,unknown reason,,51,22,73,5,0,10,13,0,0,0,2,11,12,10,7,6,1,1,0,,
Moscow,provincial city,1891,November,причина неточно определена,wrong reason,,3,7,10,0,0,3,0,2,0,0,0,0,0,1,2,2,0,0,0,,
Moscow,provincial city,1891,November,несчастные случаи,acciden,,3,1,4,0,0,0,0,0,0,1,0,1,1,0,1,0,0,0,0,,
Moscow,provincial city,1891,November,самоубийства,suicides,,6,0,6,1,0,0,0,0,0,0,1,3,2,0,0,0,0,0,0,,
Moscow,provincial city,1891,November,убийства,murders,,0,0,0,0,0,0,0,0,0,0,0,0,0,0,0,0,0,0,0,,
Moscow,provincial city,1891,November,прочие болезни,other disease,,0,0,0,0,0,0,0,0,0,0,0,0,0,0,0,0,0,0,0,,
Moscow,provincial city,1891,November,"смерть насильственная, но род не определен",violent death,,8,2,10,0,0,0,0,0,0,1,1,3,0,3,0,1,0,0,1,,
Moscow,provincial city,1891,December,тиф сыпной,spotted fever,,19,2,21,1,4,0,0,0,0,0,1,9,4,3,3,1,0,0,0,,
Moscow,provincial city,1891,December,тиф брюшной,enteric fever,,16,5,21,3,0,0,0,0,0,0,3,13,1,2,2,0,0,0,0,,
Moscow,provincial city,1891,December,возвратная горячка,fever,,0,0,0,0,0,0,0,0,0,0,0,0,0,0,0,0,0,0,0,,
Moscow,provincial city,1891,December,тиф без означения формы,typhus,,1,0,1,0,0,0,0,0,0,0,0,0,0,0,0,1,0,0,0,,
Moscow,provincial city,1891,December,послеродовая горячка,puerperal fever,,0,5,5,0,0,0,0,0,0,0,0,3,1,1,0,0,0,0,0,,
Moscow,provincial city,1891,December,перемежающаяся лихорадка,remittent fever,,0,0,0,0,0,0,0,0,0,0,0,0,0,0,0,0,0,0,0,,
Moscow,provincial city,1891,December,оспа,smallpox,,20,13,33,4,0,5,0,13,4,3,4,3,1,0,0,0,0,0,0,,
Moscow,provincial city,1891,December,скарлатина,scarlet fever,,32,36,68,1,0,0,2,5,2,4,4,0,1,0,0,0,0,0,0,,
Moscow,provincial city,1891,December,корь,measles,,18,16,34,0,0,1,8,24,1,0,0,0,0,0,0,0,0,0,0,,
Moscow,provincial city,1891,December,кровавый понос,bloody diarrhoea,,1,2,3,0,0,0,1,0,0,0,0,0,1,0,1,0,0,0,0,,
Moscow,provincial city,1891,December,дифтерит,pseudomembranous inflammation,,16,19,35,0,0,0,3,16,8,6,1,0,1,0,0,0,0,0,0,,
Moscow,provincial city,1891,December,круп,croup,yes,8,3,11,0,0,0,1,5,2,3,0,0,0,0,0,0,0,0,0,,
Moscow,provincial city,1891,December,крупозная пневмония,pulmonic fever,yes,29,30,59,2,1,4,1,1,2,0,0,7,7,8,14,9,4,2,0,,
Moscow,provincial city,1891,December,холера,cholera,,0,0,0,0,0,0,0,0,0,0,0,0,0,0,0,0,0,0,0,,
Moscow,provincial city,1891,December,цереброспин. Менингит,spotted fever,,0,0,0,0,0,0,0,0,0,0,0,0,0,0,0,0,0,0,0,,
Moscow,provincial city,1891,December,коклюш,whooping-cough,yes,3,9,12,0,0,2,8,2,0,0,0,0,0,0,0,0,0,0,0,,
Moscow,provincial city,1891,December,сифилис,syphilis,,1,3,4,0,0,3,0,0,0,0,0,1,0,0,0,0,0,0,0,,
Moscow,provincial city,1891,December,водобоязнь,rabies,,0,0,0,0,0,0,0,0,0,0,0,0,0,0,0,0,0,0,0,,
Moscow,provincial city,1891,December,сибирская язва,Siberian plague / anthrax,,2,1,3,0,0,0,0,0,0,0,0,2,0,1,0,0,0,0,0,,
Moscow,provincial city,1891,December,сап,glanders,,0,0,0,0,0,0,0,0,0,0,0,0,0,0,0,0,0,0,0,,
Moscow,provincial city,1891,December,рожа,wildfire,,4,2,6,0,1,1,1,1,0,0,0,0,0,1,2,0,0,0,0,,
Moscow,provincial city,1891,December,пиэмия,pyemia,,3,3,6,0,2,0,0,1,0,0,0,2,0,1,1,1,0,0,0,,
Moscow,provincial city,1891,December,септицемия,septicaemia,,10,7,17,1,0,11,0,0,0,0,0,1,0,1,3,1,0,0,0,,
Moscow,provincial city,1891,December,малокровие и хлороз,anemia,,0,4,4,1,0,1,0,0,0,0,0,1,2,0,0,0,0,0,0,,
Moscow,provincial city,1891,December,белокровие,leukemia,,0,0,0,0,0,0,0,0,0,0,0,0,0,0,0,0,0,0,0,,
Moscow,provincial city,1891,December,золотуха,scrofula,,2,1,3,0,0,0,0,3,0,0,0,0,0,0,0,0,0,0,0,,
Moscow,provincial city,1891,December,английская болезнь,english disease,,8,6,14,0,0,1,2,8,3,0,0,0,0,0,0,0,0,0,0,,
Moscow,provincial city,1891,December,острый туберкулез,tuberculosis,,2,4,6,0,0,3,0,3,0,0,0,0,0,0,0,0,0,0,0,,
Moscow,provincial city,1891,December,сахарное мочеизнурение,diabetes,,0,0,0,0,0,0,0,0,0,0,0,0,0,0,0,0,0,0,0,,
Moscow,provincial city,1891,December,подагра,gout,,0,0,0,0,0,0,0,0,0,0,0,0,0,0,0,0,0,0,0,,
Moscow,provincial city,1891,December,ревматизм,rheumatism,,1,0,1,0,0,0,0,0,0,0,0,0,0,0,0,0,1,0,0,,
Moscow,provincial city,1891,December,скорбут,scurvy,,0,1,1,0,0,0,0,0,0,0,0,0,1,0,0,0,0,0,0,,
Moscow,provincial city,1891,December,верлгофова болезнь,disease vergola,,0,0,0,0,0,0,0,0,0,0,0,0,0,0,0,0,0,0,0,,
Moscow,provincial city,1891,December,гемофилия,hemophilia,,0,0,0,0,0,0,0,0,0,0,0,0,0,0,0,0,0,0,0,,
Moscow,provincial city,1891,December,алкоголизм,alcoholism,,3,1,4,0,0,0,0,0,0,0,0,1,1,1,0,1,0,0,0,,
Moscow,provincial city,1891,December,рак,cancer,,31,42,73,7,0,0,0,0,0,0,0,1,14,15,20,15,7,1,0,,
Moscow,provincial city,1891,December,прочие злокачеств. опухоли,other malignant tumor,,0,5,5,1,0,1,0,0,0,0,0,0,2,2,0,0,0,0,0,,
Moscow,provincial city,1891,December,болезни нервной системы,diseases of the nervous system,,80,42,122,6,0,8,13,21,6,3,4,10,13,10,13,8,12,1,0,,
Moscow,provincial city,1891,December,болезни кровеносной системы,blood disease,,50,31,81,4,0,1,0,0,0,0,2,2,15,9,26,16,8,1,1,,
Moscow,provincial city,1891,December,болезни дыхат. Органов,respiratory disease,yes,169,156,325,4,2,93,63,101,6,2,3,6,6,7,12,19,7,0,0,,
Moscow,provincial city,1891,December,чахотка легких,pulmonary tuberculosis,yes,261,116,377,15,10,0,1,6,1,2,17,94,105,71,45,30,2,3,0,,
Moscow,provincial city,1891,December,болезни пищеварит. Органов,diseases of the digestive organs,,24,17,41,1,0,3,2,1,2,1,1,8,6,5,7,5,0,0,0,,
Moscow,provincial city,1891,December,желудочно-кишечный катар,gastro-intestinal infection,yes,82,63,145,2,0,85,23,30,0,0,0,0,1,3,1,1,1,0,0,,
Moscow,provincial city,1891,December,болезни мочевых органов,urinary tract diseases,,30,13,43,4,0,0,0,3,3,1,2,5,4,4,12,8,1,0,0,,
Moscow,provincial city,1891,December,болезни половых орагнов,diseases of the genitals,,0,2,2,0,0,0,0,0,0,0,0,1,0,0,1,0,0,0,0,,
Moscow,provincial city,1891,December,"болезни костей, суставов и мышц ",bone disease,,4,2,6,4,0,0,0,0,0,0,3,0,0,1,0,1,1,0,0,,
Moscow,provincial city,1891,December,болезни кожи и подкожной клечатки,skin disease,,7,2,9,3,0,0,1,0,0,0,0,2,1,2,1,2,0,0,0,,
Moscow,provincial city,1891,December,болезни лимфатических сосудов и желез,diseases of the lymphatic vessels,,1,0,1,0,0,1,0,0,0,0,0,0,0,0,0,0,0,0,0,,
Moscow,provincial city,1891,December,врожденная слабость,inherent weakness,,89,56,145,1,0,139,5,1,0,0,0,0,0,0,0,0,0,0,0,,
Moscow,provincial city,1891,December,старческая дряхлость,senile senility,,45,109,154,1,1,0,0,0,0,0,0,0,0,0,6,50,69,29,0,,
Moscow,provincial city,1891,December,врожденные пороки развития,congenital malformation,,5,3,8,0,0,8,0,0,0,0,0,0,0,0,0,0,0,0,0,,
Moscow,provincial city,1891,December,причина неизвестна,unknown reason,,51,21,72,1,0,11,0,0,0,0,2,3,16,16,9,9,3,2,1,,
Moscow,provincial city,1891,December,причина неточно определена,wrong reason,,10,11,21,3,0,2,0,2,0,1,0,1,2,6,5,2,0,0,0,,
Moscow,provincial city,1891,December,несчастные случаи,acciden,,6,1,7,1,0,0,0,1,0,0,0,1,1,3,0,1,0,0,0,,
Moscow,provincial city,1891,December,самоубийства,suicides,,6,0,6,1,0,,0,0,0,0,0,3,2,0,1,0,0,0,0,,
Moscow,provincial city,1891,December,убийства,murders,,1,1,2,0,0,2,0,0,0,0,0,0,0,0,0,0,0,0,0,,
Moscow,provincial city,1891,December,прочие болезни,other disease,,0,0,0,0,0,0,0,0,0,0,0,0,0,0,0,0,0,0,0,,
Moscow,provincial city,1891,December,"смерть насильственная, но род не определен",violent death,,11,2,13,1,0,0,0,0,0,0,0,3,6,3,0,0,1,0,0,,
,,,,,,,,,,,,,,,,,,,,,,,,,,,
